csv_row,before_name,after_name,before_description,after_description,before_unit,after_unit,sourceSheet,sourceRow
2,"Vanity Lights Bryant 40 1/2"" wide 5-light & Blubs","Vanity Lights Bryant 40 1/2"" wide 5-light & Blubs","Vanity Lights Bryant 40 1/2"" wide 5-light & Blubs",,ea,ea,Product Library | Raw Records | Product Master | Raw Extract | Product Occurrences,2 | 284 | 54 | 311
3,36984,36984,11095.199999999999,,ea,ea,Gapinske Jane 40097-LNC  6.19.2,48
5,58312.95,58312.95,17493.885,,ea,ea,Gapinske Jane 40097-LNC  6.19.2,51
6,641.45,641.45,192.435,,ea,ea,Gapinske Jane 40097-LNC  6.19.2,50
12,464 SQ FT,464 SQ FT,,,ea,sqft,Product Master | Raw Extract,46 | 134
13,Carpet & Padding,Carpet & Padding,,,ea,sqft,Product_Occurrences | Product_Master,349 | 334
15,Delta 2.5 GPM Hand Shower Package with Touch-Clean® Technology - Limited Lifetime Warranty,Delta GPM Hand Shower Package with Touch-Clean® Technology - Limited Lifetime Warranty,,,ea,ea,John Daye 39938-CJC,11
16,20687.5,20687.5,6206.25,,ea,ea,Gapinske Jane 40097-LNC  6.19.2,49
19,"Happy Floors, Cipriani - 12"" x 24""","Happy Floors, Cipriani - 12"" x 24""","Happy Floors, Cipriani - 12"" x 24""",,ea,ea,Product Library | Raw Records | Product Master | Raw Extract | Product Occurrences,57 | 137 | 52 | 113 | 231
22,Shower Rod Mounted - brushed Nickel,Shower Rod Mounted - brushed Nickel,Shower Rod Mounted - brushed Nickel,,ea,ea,Product Library | Raw Records | Product Master | Raw Extract | Product Occurrences,59 | 84 | 53 | 117 | 88
23,False Schulter Edging 32 Linear Ft = 9 pieces  https://www.schluter.com/schluter-us/en_US/Profiles/For-Floors/Same-heigh,Schulter Edging 32 Linear Ft = 9 pieces,False Schulter Edging 32 Linear Ft = 9 pieces  https://www.schluter.com/schluter-us/en_US/Profiles/For-Floors/Same-height-Transitions/Schluter%C2%AE-SCHIENE/p/A100ABGB?siteName=schluter.com&siteUid=schluter-us A100ABGB ProSource  w/tile  2026-04-14 00:00:00 0.0,Schulter Edging 32 Linear Ft = 9 pieces w/tile,ea,lnft,Sheet1,223 | 158
24,Schulter Edging 32 Linear Ft = 9 pieces,Schulter Edging 32 Linear Ft = 9 pieces,,,ea,lnft,Product Master | Raw Extract,61 | 245
25,Schluter edge is A100TSC texture beige 10' (4) or (6) 8',Schluter edge is texture beige 10' (4) or (6) 8',,,ea,ea,Product Master | Raw Extract,62 | 164
26,Schluter edge is A100TSC texture beige 10' (4) or (6) 8' https://www.schluter.com/schluter-us/en_US/Profiles/For-Floors/,Schluter edge is texture beige 10' (4) or (6) 8',Schluter edge is A100TSC texture beige 10' (4) or (6) 8' https://www.schluter.com/schluter-us/en_US/Profiles/For-Floors/Same-height-Transitions/Schluter%C2%AE-SCHIENE/p/A100TSC?siteUid=schluter-us&siteName=schluter.com A100TSC 173.778 141.768 Prosource,Schluter edge is texture beige 10' (4) or (6) 8' 173.778 141.768,ea,ea,Sheet1,153 | 119
28,Shower Wall Elbow  A725BG 66.55 Ferguson  2025-11-19 00:00:00 1.0 0.0,Shower Wall Elbow,Shower Wall Elbow  A725BG 66.55 Ferguson  2025-11-19 00:00:00 1.0 0.0,Shower Wall Elbow 66.55 1.0,ea,ea,Sheet1,190
30,Shower El  A725BN 65.538 Ferguson  2025-11-19 00:00:00 1.0 0.0,Shower El,Shower El  A725BN 65.538 Ferguson  2025-11-19 00:00:00 1.0 0.0,Shower El 65.538 1.0,ea,ea,Sheet1,215
31,Schulter Edging 32' Griege  https://www.schluter.com/schluter-us/en_US/Profiles/For-Floors/Same-height-Transitions/Schlu,Schulter Edging 32' Griege,Schulter Edging 32' Griege  https://www.schluter.com/schluter-us/en_US/Profiles/For-Floors/Same-height-Transitions/Schluter%C2%AE-SCHIENE/p/A80TSBG 160 ProSource  2026-05-08 00:00:00 0.0,Schulter Edging 32' Griege 160 ProSource,ea,ea,Sheet1,116
34,Mounted Shower Rod  https://www.amazon.com/Zenna-Home-648SS-Builder-Curtain/dp/B0014XAPZC?th=1 67.198857 Amazon  67.2 0.,Mounted Shower Rod 0.,Mounted Shower Rod  https://www.amazon.com/Zenna-Home-648SS-Builder-Curtain/dp/B0014XAPZC?th=1 67.198857 Amazon  67.2 0.0 2026-03-28 00:00:00,Mounted Shower Rod 67.198857 67.2,ea,ea,Sheet1,249 | 177
37,Tub Drain Kit,Tub Drain Kit,Tub Drain Kit,,ea,ea,Product Library | Raw Records | Product Master | Product Occurrences,74 | 80 | 132 | 83
38,LVP Flooring Walnut Glen 24 SQ FT,LVP Flooring Walnut Glen 24 SQ FT,LVP Flooring Walnut Glen 24 SQ FT,,ea,sqft,Product Library | Raw Records | Product Master | Raw Extract | Product Occurrences,54 | 166 | 51 | 106 | 265
41,2025-10-24 00:00:00 Elega 24 in. W x 32 in. H Rectangular Aluminum Recessed/Wall Mount Dimmable Fogless Lighted Medicine,Elega 24 in. W x 32 in. H Rectangular Aluminum Recessed/Wall Mount Dimmable Fogless Lighted Medicine,2025-10-24 00:00:00 Elega 24 in. W x 32 in. H Rectangular Aluminum Recessed/Wall Mount Dimmable Fogless Lighted Medicine Cabinet with Mirror Home Depot  Garwood  Model # BLMC2432,Elega 24 in. W x 32 in. H Rectangular Aluminum Recessed/Wall Mount Dimmable Fogless Lighted Medicine Cabinet with Mirror Garwood Model #,ea,ea,Sheet1,11
42,Panasonic 100 CFM 0.9 Sone Ceiling Mounted HVI Certified Exhaust Fan,Panasonic 100 CFM Sone Ceiling Mounted HVI Certified Exhaust Fan,Panasonic 100 CFM 0.9 Sone Ceiling Mounted HVI Certified Exhaust Fan,Panasonic 100 CFM 0.9 Sone Ceiling Mounted HVI Certified Exhaust Fan,ea,ea,Frequent Material Model Price,5
43,Amerock Blackrock 1-5/8 Inch Mushroom Cabinet Knob (17),Amerock Blackrock 1 /8 Inch Mushroom Cabinet Knob (17),,,ea,ea,Product Library | Raw Records | Product Master | Raw Extract,76 | 129 | 64
44,Kitchen  Amerock Blackrock 1-5/8 Inch Mushroom Cabinet Knob (17)  https://www.fergusonhome.com/amerock-bp55272/s439071?u,Kitchen Amerock Blackrock 1 /8 Inch Mushroom Cabinet Knob (17),Kitchen  Amerock Blackrock 1-5/8 Inch Mushroom Cabinet Knob (17)  https://www.fergusonhome.com/amerock-bp55272/s439071?uid=1315570 BP55272G10 159.137 Ferguson  2026-04-28 00:00:00 0.0,Kitchen Amerock Blackrock 1-5/8 Inch Mushroom Cabinet Knob (17) 159.137,ea,ea,Sheet1,125 | 99
45,Amerock Blackrock 6-5/16 Inch Center to Center Handle Cabinet Pull (5),Amerock Blackrock 6 /16 Inch Center to Center Handle Cabinet Pull (5),,,ea,ea,Product Library | Raw Records | Product Master | Raw Extract,77 | 130 | 65
46,Amerock Blackrock 6-5/16 Inch Center to Center Handle Cabinet Pull (5)  https://www.fergusonhome.com/amerock-bp55278/s43,Amerock Blackrock 6 /16 Inch Center to Center Handle Cabinet Pull (5),Amerock Blackrock 6-5/16 Inch Center to Center Handle Cabinet Pull (5)  https://www.fergusonhome.com/amerock-bp55278/s439698?uid=1315579 BP55278G10 51.975 Ferguson  2026-04-28 00:00:00 0.0,Amerock Blackrock 6-5/16 Inch Center to Center Handle Cabinet Pull (5) 51.975,ea,ea,Sheet1,126 | 100
47,False Shower Wall & Tub Deck Tile  24 X 24  TTL 328  Sq Ft  https://www.daltile.com/products/stone-look/bryne/coastline,Shower Wall & Tub Deck Tile 24 X 24 TTL 328 Sq Ft,False Shower Wall & Tub Deck Tile  24 X 24  TTL 328  Sq Ft  https://www.daltile.com/products/stone-look/bryne/coastline Coastline BR30  3000 1936.77 ProSource  2026-04-14 00:00:00 0.0,Shower Wall & Tub Deck Tile 24 X 24 TTL 328 Sq Ft Coastline 3000 1936.77 ProSource,ea,sqft,Sheet1,222
48,False Shower Base Tile 15  Sq Ft  https://www.daltile.com/products/stone-look/bryne/mist Matte Mist BR31 ProSource  0.0,Shower Base Tile 15 Sq Ft Matte Mist ProSource,False Shower Base Tile 15  Sq Ft  https://www.daltile.com/products/stone-look/bryne/mist Matte Mist BR31 ProSource  0.0,,ea,sqft,Sheet1,221
50,"Free Standing Combo 48"" Vanity Open bottom https://www.wayfair.com/home/pdp/sand-stable-carrie-48-single-bathroom-vanity","Free Standing Combo 48"" Vanity Open bottom","Free Standing Combo 48"" Vanity Open bottom https://www.wayfair.com/home/pdp/sand-stable-carrie-48-single-bathroom-vanity-set-w002974012.html?piid=1654995866%2C1654834543 1200 1926.839175 1613.38 Wayfair  2026-04-22 00:00:00 0.0 0.0 0.0","Free Standing Combo 48"" Vanity Open bottom 1200 1926.839175 1613.38",ea,ea,Sheet1,139 | 108
51,Cap A Treads Need:  14 Risers - 12 Treads  14 PCS  https://www.homedepot.com/p/Cap-A-Tread-2-Pack-Navarra-Maple-47-in-L-,Cap A Treads Need: 14 Risers - 12 Treads 14 PCS,Cap A Treads Need:  14 Risers - 12 Treads  14 PCS  https://www.homedepot.com/p/Cap-A-Tread-2-Pack-Navarra-Maple-47-in-L-x-12-15-in-W-x-2-28-in-T-Vinyl-Overlay-Stair-Tread-and-Reversible-Riser-01D-CA78096/333401871 01D-CA78096 2200 1990.91235 Home Depot  2026-04-23 00:00:00 0.0,Cap A Treads Need: 14 Risers - 12 Treads 14 PCS 01D- 2200 1990.91235,ea,ea,Sheet1,132 | 103
55,Shower Arm  CL10154BN 52.074000000000005 Ferguson  2025-11-19 00:00:00 1.0 0.0,Shower Arm,Shower Arm  CL10154BN 52.074000000000005 Ferguson  2025-11-19 00:00:00 1.0 0.0,Shower Arm 52.074000000000005 1.0,ea,ea,Sheet1,212
57,Shower Arm Diverter Valve  CL703 BN  106.535 Ferguson  2025-11-19 00:00:00 1.0 0.0,Shower Arm Diverter Valve BN,Shower Arm Diverter Valve  CL703 BN  106.535 Ferguson  2025-11-19 00:00:00 1.0 0.0,Shower Arm Diverter Valve BN 106.535 1.0,ea,ea,Sheet1,214
58,**Add On Toilet  False *** Toto Toilet Add-On https://www.fergusonhome.com/toto-mw6424736cefga/s1931975?uid=4565624 TCST,**Add On Toilet Toto Toilet Add-On TCST,**Add On Toilet  False *** Toto Toilet Add-On https://www.fergusonhome.com/toto-mw6424736cefga/s1931975?uid=4565624 TCST642CEFGAT4001 1432.5629999999999 Ferguson 2026-02-11 00:00:00 0.0,**Add On Toilet Toto Toilet Add-On TCST642CEFGAT4001 1432.5629999999999 Ferguson,ea,ea,Sheet1,219
60,Tub Drain -Kingston Brass,Tub Drain -Kingston Brass,Tub Drain -Kingston Brass,,ea,ea,Product Library | Raw Records | Product Master | Raw Extract | Product Occurrences,88 | 172 | 67 | 160 | 271
61,Tub Drain -Kingston Brass  https://www.fergusonhome.com/kingston-brass-dll20/s478717?uid=3673997 DLL200MB 55 54.4428 Fer,Tub Drain -Kingston Brass 55 54. Fer,Tub Drain -Kingston Brass  https://www.fergusonhome.com/kingston-brass-dll20/s478717?uid=3673997 DLL200MB 55 54.4428 Ferguson Home  2026-04-01 00:00:00,Tub Drain -Kingston Brass 55 54.4428 Home,ea,ea,Sheet1,161 | 124
65,tub overflow - Kingston Brass,tub overflow - Kingston Brass,tub overflow - Kingston Brass,,ea,ea,Product Library | Raw Records | Product Master | Raw Extract | Product Occurrences,97 | 173 | 73 | 169 | 272
66,tub overflow - Kingston Brass  https://www.fergusonhome.com/kingston-brass-dtt10/s483276?uid=3674010 DTT100MB 45 44.2260,tub overflow - Kingston Brass 45 44.,tub overflow - Kingston Brass  https://www.fergusonhome.com/kingston-brass-dtt10/s483276?uid=3674010 DTT100MB 45 44.226000000000006 Ferguson Home  2026-04-01 00:00:00,tub overflow - Kingston Brass 45 44.226000000000006 Home,ea,ea,Sheet1,162 | 125
68,"Zenna Home Medicine Cabinet 24"" x 30""","Zenna Home Medicine Cabinet 24"" x 30""","Zenna Home Medicine Cabinet 24"" x 30""",,ea,ea,Product Library | Raw Records | Product Master | Raw Extract | Product Occurrences,100 | 183 | 75 | 173 | 287
69,"Zenna Home Medicine Cabinet 24"" x 30""  https://www.homedepot.com/p/Zenna-Home-24-in-W-x-30-in-H-Aluminum-Frameless-Bevel","Zenna Home Medicine Cabinet 24"" x 30""","Zenna Home Medicine Cabinet 24"" x 30""  https://www.homedepot.com/p/Zenna-Home-24-in-W-x-30-in-H-Aluminum-Frameless-Beveled-Mirror-Medicine-Cabinet-EMRA2430/207018216 EMRA2430 200 210.492125 Home Depot  2026-03-31 00:00:00 0.0","Zenna Home Medicine Cabinet 24"" x 30"" 200 210.492125",ea,ea,Sheet1,134
70,Window 0.0 Master Bath Sliding windoe 630.49 In Lous Estimate  Endure EN6000 Slider-white interior woodgrain print with,Window Master Bath Sliding windoe In Lous Estimate Endure Slider-white interior woodgrain print with,Window 0.0 Master Bath Sliding windoe 630.49 In Lous Estimate  Endure EN6000 Slider-white interior woodgrain print with Beige exterior 0.0,Window Master Bath Sliding windoe 630.49 In Lous Estimate Endure Slider-white interior woodgrain print with Beige exterior,ea,ea,Sheet1,202 | 141
71,Shower Wall Tile 93 sq ft MSI Veneto White Matte 12x24  https://www.msisurfaces.com/site-search/?key=Veneto%20White NVEN,Shower Wall Tile 93 sq ft MSI Veneto White Matte 12x24 NVEN,Shower Wall Tile 93 sq ft MSI Veneto White Matte 12x24  https://www.msisurfaces.com/site-search/?key=Veneto%20White NVENEWHI1224 1200 340 ProSource  2026-05-08 00:00:00 0.0,Shower Wall Tile 93 sq ft MSI Veneto White Matte 12x24 NVENEWHI1224 1200 340,ea,sqft,Sheet1,92
72,Panasonic 100 CFM 0.9 Sone Ceiling Mounted HVI Certified Exhaust Fan,Panasonic 100 CFM Sone Ceiling Mounted HVI Certified Exhaust Fan,,,ea,ea,Sheet1,21
73,Panasonic 100 CFM 0.5 Sone Ceiling Mounted LED Lighted Exhaust Fan with Smart Flow Technology,Panasonic 100 CFM Sone Ceiling Mounted LED Lighted Exhaust Fan with Smart Flow Technology,Panasonic 100 CFM 0.5 Sone Ceiling Mounted LED Lighted Exhaust Fan with Smart Flow Technology,Panasonic 100 CFM 0.5 Sone Ceiling Mounted LED Lighted Exhaust Fan with Smart Flow Technology,ea,ea,Frequent Material Model Price,7
77,0.0 LVT Floor Tile 226 SQ FT  https://coretecfloors.com/en-us/products/coretec-tile/foussana-limestone-vv870-12252?utm_s,LVT Floor Tile 226 SQ FT,0.0 LVT Floor Tile 226 SQ FT  https://coretecfloors.com/en-us/products/coretec-tile/foussana-limestone-vv870-12252?utm_source=google&utm_medium=cpc&utm_campaign=COR_GG_Search_Branded_Design_ManualCPC_FY25&utm_term=coretec+flooring&utm_content=Cj0KCQiA7-rMBhCFARIsAKnLKtAsVMQhxxFkowZv_RorSWjShO3bcv4mF-0EqMA2jlfTAQCnQRU5ncQaAh3VEALw_wcB Foussana Limestone  1200 1149.34 1149.34 ProSource  2026-03-24 00:00:00 0.0,LVT Floor Tile 226 SQ FT Foussana Limestone 1200 1149.34 1149.34 ProSource,ea,sqft,Sheet1,179
84,LifeProof Shallowford Oak LVP Flooring,LifeProof Shallowford Oak LVP Flooring,LifeProof Shallowford Oak LVP Flooring,,ea,ea,"Mrozek, Dan 40214-THC",5
85,LVP L.P. Shallowford Oak 41 SQ FT,LVP L.P. Shallowford Oak 41 SQ FT,LVP L.P. Shallowford Oak 41 SQ FT,,ea,sqft,Product Library | Raw Records | Product Master | Raw Extract | Product Occurrences,115 | 185 | 81 | 208 | 289
86,LVT Flooring Pinecrest Place Oak 792 SQ FT,LVT Flooring Pinecrest Place Oak 792 SQ FT,LVT Flooring Pinecrest Place Oak 792 SQ FT,,ea,sqft,Product Library | Raw Records | Product Master | Raw Extract | Product Occurrences,116 | 103 | 82 | 209 | 173
87,733 SQ FT,733 SQ FT,,,ea,sqft,Product Library | Raw Records,117 | 131
88,1 - Faucet & Drain kit  (Ferguson out of stock),1 - Faucet & Drain kit (Ferguson out of stock),,,ea,ea,Product_Occurrences | Product_Master,653 | 654 | 625 | 626
89,1 - Faucet & Drain kit (Ferguson out of stock)  K-14406-BV  892.68 Supply House  2025-12-23 00:00:00 1.0 0.0,1 - Faucet & Drain kit (Ferguson out of stock) -BV,1 - Faucet & Drain kit (Ferguson out of stock)  K-14406-BV  892.68 Supply House  2025-12-23 00:00:00 1.0 0.0,1 - Faucet & Drain kit (Ferguson out of stock) -BV 892.68 1.0,ea,ea,Sheet1,969
90,1 - Faucet & Drain kit  (Ferguson out of stock)  K-14406-BV  927.03625 Southern Pipe  2025-11-07 00:00:00 1.0 0.0,1 - Faucet & Drain kit ( out of stock) -BV Southern Pipe,1 - Faucet & Drain kit  (Ferguson out of stock)  K-14406-BV  927.03625 Southern Pipe  2025-11-07 00:00:00 1.0 0.0,1 - Faucet & Drain kit ( out of stock) -BV 927.03625 Southern Pipe 1.0,ea,ea,Sheet1,277 | 208
92,2- Sinks  K-20000-0 239.58 Ferguson  2025-11-19 00:00:00 1.0 0.0,2- Sinks -0,2- Sinks  K-20000-0 239.58 Ferguson  2025-11-19 00:00:00 1.0 0.0,2- Sinks -0 239.58 1.0,ea,ea,Sheet1,207
96,Sink  K-20000-0 350 119.79 Ferguson  2025-11-13 00:00:00 0.0,Sink -0 350,Sink  K-20000-0 350 119.79 Ferguson  2025-11-13 00:00:00 0.0,Sink -0 350 119.79,ea,ea,Sheet1,1278 | 1295
98,Plumbing Fixtures  Ferguson  K-200000-0 0.0 0.0 False 0.0,Plumbing Fixtures -0,Plumbing Fixtures  Ferguson  K-200000-0 0.0 0.0 False 0.0,,ea,ea,Sheet1,302 | 240 | 1362 | 1396 | 1399
100,Toilet Tank  K-20250-0 214.676 Ferguson  2025-11-19 00:00:00 1.0 0.0,Toilet Tank -0,Toilet Tank  K-20250-0 214.676 Ferguson  2025-11-19 00:00:00 1.0 0.0,Toilet Tank -0 214.676 1.0,ea,ea,Sheet1,278 | 209
102,Toilet Tank  K-20450-0 214.632 Ferguson  2025-11-19 00:00:00 1.0 0.0,Toilet Tank -0,Toilet Tank  K-20450-0 214.632 Ferguson  2025-11-19 00:00:00 1.0 0.0,Toilet Tank -0 214.632 1.0,ea,ea,Sheet1,265 | 192
104,Skirted Toilet Bowl  K-20485-0 358.952 Ferguson  2025-11-19 00:00:00 1.0 0.0,Skirted Toilet Bowl -0,Skirted Toilet Bowl  K-20485-0 358.952 Ferguson  2025-11-19 00:00:00 1.0 0.0,Skirted Toilet Bowl -0 358.952 1.0,ea,ea,Sheet1,970
106,Toilet Bowl Skirted  K-20485-0 358.952 Ferguson  2025-11-19 00:00:00 1.0 0.0,Toilet Bowl Skirted -0,Toilet Bowl Skirted  K-20485-0 358.952 Ferguson  2025-11-19 00:00:00 1.0 0.0,Toilet Bowl Skirted -0 358.952 1.0,ea,ea,Sheet1,266 | 193
109,Towel Bar  K-21953-CP 59.598 Ferguson 2025-11-13 00:00:00 0.0,Towel Bar -CP,Towel Bar  K-21953-CP 59.598 Ferguson 2025-11-13 00:00:00 0.0,Towel Bar -CP 59.598,ea,ea,Sheet1,293 | 230
111,Toilet Paper Holder  K-21954-2MB 68.013 Ferguson 2025-11-21 00:00:00 1.0 0.0,Toilet Paper Holder -2MB,Toilet Paper Holder  K-21954-2MB 68.013 Ferguson 2025-11-21 00:00:00 1.0 0.0,Toilet Paper Holder -2MB 68.013 1.0,ea,ea,Sheet1,260 | 183
112,Toilet paper Holder  K-21954-CP 46.882 Ferguson 2025-11-13 00:00:00 0.0,Toilet paper Holder -CP,Toilet paper Holder  K-21954-CP 46.882 Ferguson 2025-11-13 00:00:00 0.0,Toilet paper Holder -CP 46.882,ea,ea,Sheet1,291 | 228
114,Towel Ring  K-21955-2MB 50.996 Ferguson 2025-11-21 00:00:00 1.0 0.0,Towel Ring -2MB,Towel Ring  K-21955-2MB 50.996 Ferguson 2025-11-21 00:00:00 1.0 0.0,Towel Ring -2MB 50.996 1.0,ea,ea,Sheet1,261 | 184
115,Towel Ring  K-21955-CP 35.167 Ferguson 2025-11-13 00:00:00 0.0,Towel Ring -CP,Towel Ring  K-21955-CP 35.167 Ferguson 2025-11-13 00:00:00 0.0,Towel Ring -CP 35.167,ea,ea,Sheet1,292 | 229
117,Faucet  K-22020-4-CP 400 351.428 Fergusson  2025-11-13 00:00:00 0.0,Faucet -4 400 Fergusson,Faucet  K-22020-4-CP 400 351.428 Fergusson  2025-11-13 00:00:00 0.0,Faucet -4-CP 400 351.428 Fergusson,ea,ea,Sheet1,285 | 222
119,Faucet & Drain  K-22022-4-2MB 350 357.962 Ferguson  2025-11-21 00:00:00 1.0 0.0,Faucet & Drain -4 350,Faucet & Drain  K-22022-4-2MB 350 357.962 Ferguson  2025-11-21 00:00:00 1.0 0.0,Faucet & Drain -4-2MB 350 357.962 1.0,ea,ea,Sheet1,258 | 181
120,Faucet-Kohler Tempered 1.2 GPM Single Hole Bathroom Faucet with Pop-Up Drain Assembly,Faucet-Kohler Tempered GPM Single Hole Bathroom Faucet with Pop-Up Drain Assembly,,,ea,ea,Sheet1,9
123,Sink  K-2209-0 300 99.19800000000001 Ferguson  2025-11-21 00:00:00 1.0 0.0,Sink -0 300,Sink  K-2209-0 300 99.19800000000001 Ferguson  2025-11-21 00:00:00 1.0 0.0,Sink -0 300 99.19800000000001 1.0,ea,ea,Sheet1,257 | 180
125,Elbow (in kit with Ferguson Home order of handheld)  K-22172-BV  Ferguson Home  2025-11-19 00:00:00 1.0 0.0,Elbow (in kit with Home order of handheld) -BV Home,Elbow (in kit with Ferguson Home order of handheld)  K-22172-BV  Ferguson Home  2025-11-19 00:00:00 1.0 0.0,Elbow (in kit with Home order of handheld) -BV Home 1.0,ea,ea,Sheet1,273 | 201
126,Hand Held backordered 1/31 reorder ferguson home Kit 916.34 K-22178-BV  916.34 Ferguson Home  2025-12-31 00:00:00 1.0 0.,Hand Held backordered 1/31 reorder home Kit -BV Home 0.,Hand Held backordered 1/31 reorder ferguson home Kit 916.34 K-22178-BV  916.34 Ferguson Home  2025-12-31 00:00:00 1.0 0.0,Hand Held backordered 1/31 reorder home Kit 916.34 -BV 916.34 Home 1.0,ea,ea,Sheet1,272 | 200
128,Shower Fixture / Head  K-23218-CP  134.365 Ferguson  2025-11-13 00:00:00 0.0,Shower Fixture / Head -CP,Shower Fixture / Head  K-23218-CP  134.365 Ferguson  2025-11-13 00:00:00 0.0,Shower Fixture / Head -CP 134.365,ea,ea,Sheet1,287 | 224
129,Shower Fixture / Head  K-23218-CP  400 134.365 Ferguson  2025-11-13 00:00:00 0.0,Shower Fixture / Head -CP 400,Shower Fixture / Head  K-23218-CP  400 134.365 Ferguson  2025-11-13 00:00:00 0.0,Shower Fixture / Head -CP 400 134.365,ea,ea,Sheet1,1288
131,Grab Bar  K-24550-CP  102.234 Ferguson 2025-11-13 00:00:00 0.0,Grab Bar -CP,Grab Bar  K-24550-CP  102.234 Ferguson 2025-11-13 00:00:00 0.0,Grab Bar -CP 102.234,ea,ea,Sheet1,290 | 227 | 1300
133,Mirror  K-26050-BLG  400 227.931 Ferguson  2025-11-21 00:00:00 1.0 0.0,Mirror -BLG 400,Mirror  K-26050-BLG  400 227.931 Ferguson  2025-11-21 00:00:00 1.0 0.0,Mirror -BLG 400 227.931 1.0,ea,ea,Sheet1,262 | 185
135,Hardware Handles  K-26640-2MB 61.138 Ferguson  2025-11-21 00:00:00 1.0 0.0,Hardware Handles -2MB,Hardware Handles  K-26640-2MB 61.138 Ferguson  2025-11-21 00:00:00 1.0 0.0,Hardware Handles -2MB 61.138 1.0,ea,ea,Sheet1,256 | 179
137,Toilet Seat  K-26801-0 58.3 Ferguson  2025-11-19 00:00:00 1.0 0.0,Toilet Seat -0,Toilet Seat  K-26801-0 58.3 Ferguson  2025-11-19 00:00:00 1.0 0.0,Toilet Seat -0 58.3 1.0,ea,ea,Sheet1,267 | 194 | 971
141,Ferguson  K-27390-4-CP 0.0 0.0 False 0.0,4,Ferguson  K-27390-4-CP 0.0 0.0 False 0.0,4-CP,ea,ea,Sheet1,301 | 239 | 1360 | 1363 | 1384 | 1397 | 1400
143,Faucet  K-27415-4-CP 400 233.26600000000002 Ferguson 2025-11-13 00:00:00 0.0,Faucet -4 400,Faucet  K-27415-4-CP 400 233.26600000000002 Ferguson 2025-11-13 00:00:00 0.0,Faucet -4-CP 400 233.26600000000002,ea,ea,Sheet1,298 | 236
145,Shower Fixtures / Tub Spot  K-27422-CP  72.26 Amazon  2025-11-13 00:00:00 0.0,Shower Fixtures / Tub Spot -CP,Shower Fixtures / Tub Spot  K-27422-CP  72.26 Amazon  2025-11-13 00:00:00 0.0,Shower Fixtures / Tub Spot -CP 72.26,ea,ea,Sheet1,294 | 232
147,Towel Bars (3)   K-27426-CP 185.163 Ferguson  2025-11-13 00:00:00 0.0,Towel Bars (3) -CP,Towel Bars (3)   K-27426-CP 185.163 Ferguson  2025-11-13 00:00:00 0.0,Towel Bars (3) -CP 185.163,ea,ea,Sheet1,300 | 238
149,Toilet paper Holder  K-27429-CP 50.831 Ferguson  2025-11-13 00:00:00 0.0,Toilet paper Holder -CP,Toilet paper Holder  K-27429-CP 50.831 Ferguson  2025-11-13 00:00:00 0.0,Toilet paper Holder -CP 50.831,ea,ea,Sheet1,299 | 237
150,Undermount Sink Single Bowl  Kohler,Undermount Sink Single Bowl Kohler,,,ea,ea,Product_Occurrences | Product_Master,792 | 761
151,*** Add-on Toilet,Add-on Toilet,,,ea,ea,Product_Occurrences | Product_Master,858 | 822
152,*** Add-on Toilet  K-30810-0 416.9 Ferguson 2025-11-13 00:00:00 0.0,Add-on Toilet -0,*** Add-on Toilet  K-30810-0 416.9 Ferguson 2025-11-13 00:00:00 0.0,Add-on Toilet -0 416.9,ea,ea,Sheet1,1292
154,Toilet  K-30810-0 300 416.9 Ferguson  2025-11-21 00:00:00 1.0 0.0,Toilet -0 300,Toilet  K-30810-0 300 416.9 Ferguson  2025-11-21 00:00:00 1.0 0.0,Toilet -0 300 416.9 1.0,ea,ea,Sheet1,259 | 182
155,Toilet   K-30810-0 416.9 Ferguson 2025-11-13 00:00:00 0.0,Toilet -0,Toilet   K-30810-0 416.9 Ferguson 2025-11-13 00:00:00 0.0,Toilet -0 416.9,ea,ea,Sheet1,1283
156,Toilet  Tank,Toilet Tank,Toilet  Tank,,ea,ea,Product Library | Raw Records | Product Master | Raw Extract | Product Occurrences,153 | 56 | 62 | 65 | 111 | 37 | 45 | 51 | 54
157,Toilet  Tank  https://www.fergusonhome.com/search?term=K-31614-0 K-31614-0 158.906 Ferguson 2026-04-02 00:00:00 0.0,Toilet Tank -0,Toilet  Tank  https://www.fergusonhome.com/search?term=K-31614-0 K-31614-0 158.906 Ferguson 2026-04-02 00:00:00 0.0,Toilet Tank -0 158.906,ea,ea,Sheet1,61 | 57 | 435 | 441
158,Toilet Kohler Ciminron 1.6 Round  Chair Height,Toilet Kohler Ciminron Round Chair Height,,,ea,ea,Sheet1,5
160,Vanity Light  K-31757-S03-2GL 350 364.518 Ferguson  2025-11-21 00:00:00 1.0 0.0,Vanity Light -S03 350,Vanity Light  K-31757-S03-2GL 350 364.518 Ferguson  2025-11-21 00:00:00 1.0 0.0,Vanity Light -S03-2GL 350 364.518 1.0,ea,ea,Sheet1,263 | 186
161,"Kohler Levity 74"" High x 59-5/8"" Wide Bypass Frameless Shower Door with Clear Glass","Kohler Levity 74"" High x 59 /8"" Wide Bypass Frameless Shower Door with Clear Glass",,,ea,ea,Sheet1,17
162,*** Add on Tub (Cost in addon ),Add on Tub (Cost in addon ),,,ea,ea,Product_Occurrences | Product_Master,859 | 823
163,*** Add on Tub (Cost in addon )  K-716-0  0 Ferguson  2025-11-13 00:00:00 0.0,Add on Tub (Cost in addon ) -0 0,*** Add on Tub (Cost in addon )  K-716-0  0 Ferguson  2025-11-13 00:00:00 0.0,,ea,ea,Sheet1,296 | 234
164,*** Add on Tub Drain  (Cost in addon ),Add on Tub Drain (Cost in addon ),,,ea,ea,Product_Occurrences | Product_Master,860 | 824
165,*** Add on Tub Drain  (Cost in addon )  K-73213-CP  0 Ferguson  2025-11-13 00:00:00 0.0,Add on Tub Drain (Cost in addon ) -CP 0,*** Add on Tub Drain  (Cost in addon )  K-73213-CP  0 Ferguson  2025-11-13 00:00:00 0.0,,ea,ea,Sheet1,297 | 235
167,Shower Fixture / Arm  K-7397-CP 66.583 Ferguson  2025-11-13 00:00:00 0.0,Shower Fixture / Arm -CP,Shower Fixture / Arm  K-7397-CP 66.583 Ferguson  2025-11-13 00:00:00 0.0,Shower Fixture / Arm -CP 66.583,ea,ea,Sheet1,288 | 225 | 1289
169,Shower Fixures / Valve  K-8304-KS-NA 126.016 Ferguson 2025-11-13 00:00:00 0.0,Shower Fixures / Valve -KS,Shower Fixures / Valve  K-8304-KS-NA 126.016 Ferguson 2025-11-13 00:00:00 0.0,Shower Fixures / Valve -KS-NA 126.016,ea,ea,Sheet1,1282 | 1290
171,Shower Valve K-8304-KS-NA 126.016 Ferguson  2025-11-19 00:00:00 1.0 0.0,Shower Valve -KS,Shower Valve K-8304-KS-NA 126.016 Ferguson  2025-11-19 00:00:00 1.0 0.0,Shower Valve -KS-NA 126.016 1.0,ea,ea,Sheet1,268 | 196
173,Shower Handheld Slide Bar  K-8524-BN  338.272 Ferguson  2025-11-19 00:00:00 1.0 0.0,Shower Handheld Slide Bar -BN,Shower Handheld Slide Bar  K-8524-BN  338.272 Ferguson  2025-11-19 00:00:00 1.0 0.0,Shower Handheld Slide Bar -BN 338.272 1.0,ea,ea,Sheet1,280 | 217
177,Shower Breaker Vacuum  K-9660-2MB 75.768 Ferguson  2025-11-19 00:00:00 1.0 0.0,Shower Breaker Vacuum -2MB,Shower Breaker Vacuum  K-9660-2MB 75.768 Ferguson  2025-11-19 00:00:00 1.0 0.0,Shower Breaker Vacuum -2MB 75.768 1.0,ea,ea,Sheet1,264 | 191
179,Shower Vacumn  K-9660-CP  47.5 Ferguson  2025-11-13 00:00:00 0.0,Shower Vacumn -CP,Shower Vacumn  K-9660-CP  47.5 Ferguson  2025-11-13 00:00:00 0.0,Shower Vacumn -CP 47.5,ea,ea,Sheet1,289 | 226 | 1291
181,Shower Vacuum Breaker  K-9660-BN  75.768 Ferguson  2025-11-19 00:00:00 1.0 0.0,Shower Vacuum Breaker -BN,Shower Vacuum Breaker  K-9660-BN  75.768 Ferguson  2025-11-19 00:00:00 1.0 0.0,Shower Vacuum Breaker -BN 75.768 1.0,ea,ea,Sheet1,279 | 216
183,Vacuum Breaker  K-9660-BV  75.67999999999999 Ferguson  2025-11-19 00:00:00 1.0 0.0,Vacuum Breaker -BV,Vacuum Breaker  K-9660-BV  75.67999999999999 Ferguson  2025-11-19 00:00:00 1.0 0.0,Vacuum Breaker -BV 75.67999999999999 1.0,ea,ea,Sheet1,274 | 202
185,Tub Filler Mount  K-97339-NA 177.0937 Southern Pipe  2025-11-07 00:00:00 1.0 0.0,Tub Filler Mount -NA 177. Southern Pipe,Tub Filler Mount  K-97339-NA 177.0937 Southern Pipe  2025-11-07 00:00:00 1.0 0.0,Tub Filler Mount -NA 177.0937 Southern Pipe 1.0,ea,ea,Sheet1,276 | 206
187,Shower Slide Bar Trim Kit K-974-BN  53.129999999999995 Ferguson  2025-11-19 00:00:00 1.0 0.0,Shower Slide Bar Trim Kit -BN,Shower Slide Bar Trim Kit K-974-BN  53.129999999999995 Ferguson  2025-11-19 00:00:00 1.0 0.0,Shower Slide Bar Trim Kit -BN 53.129999999999995 1.0,ea,ea,Sheet1,281 | 218
189,Diverter Trim  K-T14491-4-BV 286.836 Ferguson 2025-11-19 00:00:00 1.0 0.0,Diverter Trim -4,Diverter Trim  K-T14491-4-BV 286.836 Ferguson 2025-11-19 00:00:00 1.0 0.0,Diverter Trim -4-BV 286.836 1.0,ea,ea,Sheet1,270 | 198
191,Soaker Tub Filler w/Diverter  K-T97328-4-BV  2940.35 Southern Pipe  2025-11-07 00:00:00 1.0 0.0,Soaker Tub Filler w/Diverter -4 Southern Pipe,Soaker Tub Filler w/Diverter  K-T97328-4-BV  2940.35 Southern Pipe  2025-11-07 00:00:00 1.0 0.0,Soaker Tub Filler w/Diverter -4-BV 2940.35 Southern Pipe 1.0,ea,ea,Sheet1,275 | 205
193,Shower Head & Trim  K-TS14422-4-BV 699.3689999999999 Southern Pipe  2025-11-07 00:00:00 1.0 0.0,Shower Head & Trim -4 Southern Pipe,Shower Head & Trim  K-TS14422-4-BV 699.3689999999999 Southern Pipe  2025-11-07 00:00:00 1.0 0.0,Shower Head & Trim -4-BV 699.3689999999999 Southern Pipe 1.0,ea,ea,Sheet1,269 | 197
195,Shower Trim  K-TS23954-CP  160.24800000000002 Ferguson 2025-11-13 00:00:00 0.0,Shower Trim -CP,Shower Trim  K-TS23954-CP  160.24800000000002 Ferguson 2025-11-13 00:00:00 0.0,Shower Trim -CP 160.24800000000002,ea,ea,Sheet1,295 | 233
197,Shower Fixures / Trim K-TS24617-4-CP 400 108.02000000000001 Ferguson 2025-11-13 00:00:00 0.0,Shower Fixures / Trim -4 400,Shower Fixures / Trim K-TS24617-4-CP 400 108.02000000000001 Ferguson 2025-11-13 00:00:00 0.0,Shower Fixures / Trim -4-CP 400 108.02000000000001,ea,ea,Sheet1,286 | 223
198,Hall Bathroom Plumbing Smart Toilet Casa Diva Home CD-K030PRO 8500 1221.79 1217.42 Casa Diva Home 2026-06-09 00:00:00,Hall Bathroom Plumbing Smart Toilet Casa Diva Home CD- .79 .42 Casa Diva Home,Hall Bathroom Plumbing Smart Toilet Casa Diva Home CD-K030PRO 8500 1221.79 1217.42 Casa Diva Home 2026-06-09 00:00:00,Hall Bathroom Plumbing Smart Toilet Casa Diva Home CD- 8500 1221.79 1217.42 Casa Diva Home,ea,ea,Sheet1,542
199,Master Bathroom Plumbing Smart Toilet Casa Diva Home CD-K030PRO 2000 1221.79 1217.42 Casa Diva Home 2026-06-09 00:00:00,Master Bathroom Plumbing Smart Toilet Casa Diva Home CD- .42 Casa Diva Home,Master Bathroom Plumbing Smart Toilet Casa Diva Home CD-K030PRO 2000 1221.79 1217.42 Casa Diva Home 2026-06-09 00:00:00,Master Bathroom Plumbing Smart Toilet Casa Diva Home CD- 2000 1221.79 1217.42 Casa Diva Home,ea,ea,Sheet1,89 | 76
201,Toilet left Lever - to match  K21265-L-BV 75.04 Ferguson  2026-02-16 00:00:00 1.0 0.0,Toilet left Lever - to match -L,Toilet left Lever - to match  K21265-L-BV 75.04 Ferguson  2026-02-16 00:00:00 1.0 0.0,Toilet left Lever - to match -L-BV 75.04 1.0,ea,ea,Sheet1,210
202,Toilet Cimarron Tank,Toilet Cimarron Tank,Toilet Cimarron Tank,,ea,ea,Product_Occurrences | Product_Master | Product Master | Product Occurrences,403 | 385 | 239 | 276
203,Toilet Cimarron Tank  K31614_DRY-0 158.906 Ferguson  2026-04-01 00:00:00 0.0,Toilet Cimarron Tank K31614_DRY,Toilet Cimarron Tank  K31614_DRY-0 158.906 Ferguson  2026-04-01 00:00:00 0.0,Toilet Cimarron Tank K31614_DRY-0 158.906,ea,ea,Sheet1,129
205,Diverter Valve  K728-K-NA 204.17100000000002 Ferguson  2025-11-19 00:00:00 1.0 0.0,Diverter Valve -K,Diverter Valve  K728-K-NA 204.17100000000002 Ferguson  2025-11-19 00:00:00 1.0 0.0,Diverter Valve -K-NA 204.17100000000002 1.0,ea,ea,Sheet1,271 | 199
211,2025-10-24 00:00:00 Elega 24 in. W x 32 in. H Rectangular Aluminum Recessed/Wall Mount Dimmable Fogless Lighted Medicine,Elega 24 in. W x 32 in. H Rectangular Aluminum Recessed/Wall Mount Dimmable Fogless Lighted Medicine,2025-10-24 00:00:00 Elega 24 in. W x 32 in. H Rectangular Aluminum Recessed/Wall Mount Dimmable Fogless Lighted Medicine Cabinet with Mirror Home Depot  Garwood  Model # BLMC2432,Elega 24 in. W x 32 in. H Rectangular Aluminum Recessed/Wall Mount Dimmable Fogless Lighted Medicine Cabinet with Mirror Home Depot Garwood Model # BLMC2432,ea,ea,Sheet1,6
212,"T.P. Moen 7-5/8"" x 1"" Grab Bar with Integrated Tissue Holder from the Home Care Collection","T.P. Moen 7 /8"" x 1"" Grab Bar with Integrated Tissue Holder from the Home Care Collection",,,ea,ea,Sheet1,16
214,2 Widespread  Faucets Valves & Drains,2 Widespread Faucets Valves & Drains,,,ea,ea,Product_Occurrences | Product_Master,627 | 599
215,2 - Knobs for Cabinet,2 - Knobs for Cabinet,2 - Knobs for Cabinet,,ea,ea,Product Library | Raw Records | Product Master | Raw Extract | Product Occurrences,202 | 140 | 158 | 253 | 236
216,2 - Knobs for Cabinet  https://www.shoptopknobs.com/product/nouveaum379/nouveaum379-1/flat-oval-1-1-2-long-oval-knob-in-,2 - Knobs for Cabinet,2 - Knobs for Cabinet  https://www.shoptopknobs.com/product/nouveaum379/nouveaum379-1/flat-oval-1-1-2-long-oval-knob-in-brushed-satin-nickel M379 20 26.39 Top Knobs  2026-04-22 00:00:00 0.0,2 - Knobs for Cabinet 20 26.39 Top Knobs,ea,ea,Sheet1,136 | 105
218,Shower Floor tile 4” x 4” Hexagon 18 SQ FT =$627.30  https://www.stonepeakceramics.com/product/ikonite-walnut/ USG12MH33,Shower Floor tile 4” x 4” Hexagon 18 SQ FT =$ USG12MH33,Shower Floor tile 4” x 4” Hexagon 18 SQ FT =$627.30  https://www.stonepeakceramics.com/product/ikonite-walnut/ USG12MH3317 730.03 690.03 ProSource  0.0 0.0 0.0,Shower Floor tile 4” x 4” Hexagon 18 SQ FT =$627.30 USG12MH3317 730.03 690.03,ea,sqft,Sheet1,118
219,"Trim: Pencil 1/2"" x 12""  ML00526 $14.99 Need 26 Ft  449.7 633.9000000000001 RQ 4/19 0.0","Trim: Pencil 1/2"" x 12"" $ Need 26 Ft RQ 4/19","Trim: Pencil 1/2"" x 12""  ML00526 $14.99 Need 26 Ft  449.7 633.9000000000001 RQ 4/19 0.0","Trim: Pencil 1/2"" x 12"" $14.99 Need 26 Ft 449.7 633.9000000000001 RQ 4/19",ea,ea,Sheet1,64 | 60
220,"Miseno Bella 1.2 GPM Widespread Bathroom Faucet with Pop-Up Drain Assembly
Model: MNO311LCP","Miseno Bella GPM Widespread Bathroom Faucet with Pop-Up Drain Assembly
Model","Miseno Bella 1.2 GPM Widespread Bathroom Faucet with Pop-Up Drain Assembly
Model: MNO311LCP","Miseno Bella 1.2 GPM Widespread Bathroom Faucet with Pop-Up Drain Assembly
Model",ea,ea,Product Library | Raw Records | Product Master | Product Occurrences,211 | 277 | 259 | 303
221,"Miseno Bella 1.2 GPM Widespread Bathroom Faucet with Pop-Up Drain Assembly
Model: MNO311LCP
 https://www.fergusonhome.co","Miseno Bella GPM Widespread Bathroom Faucet with Pop-Up Drain Assembly
Model","Miseno Bella 1.2 GPM Widespread Bathroom Faucet with Pop-Up Drain Assembly
Model: MNO311LCP
 https://www.fergusonhome.com/miseno-mno311l/s1963380?uid=4644130 MNO311LCP 182.644 Amazon  129.47 0.0 2026-04-20 00:00:00 Ferguson cancelled BO til end of May","Miseno Bella 1.2 GPM Widespread Bathroom Faucet with Pop-Up Drain Assembly
Model: 182.644 129.47 Ferguson cancelled BO til end of May",ea,ea,Sheet1,248 | 176
222,Electrical,Electrical,Move table fixture and box,Move table fixture and box,ea,box,Gapinske Jane 40097-LNC  6.19.2,11
223,"Zenna Home Medicine Cabinet 24"" x 30""  https://www.homedepot.com/p/Zenna-Home-24-in-W-x-30-in-H-Aluminum-Frameless-Bevel","Zenna Home Medicine Cabinet 24"" x 30""","Zenna Home Medicine Cabinet 24"" x 30""  https://www.homedepot.com/p/Zenna-Home-24-in-W-x-30-in-H-Aluminum-Frameless-Beveled-Mirror-Medicine-Cabinet-EMRA2430/207018216 EMRA2430 200 210.492125 Home Depot  2026-03-31 00:00:00 0.0","Zenna Home Medicine Cabinet 24"" x 30"" EMRA2430 200 210.492125 Home Depot",ea,ea,Sheet1,171
224,Electric  LED Lighted Mirror  https://www.fergusonhome.com/elegant-lighting-mre13636/s1604937?uid=3829770 MRE13636 450 4,Electric LED Lighted Mirror 450 4,Electric  LED Lighted Mirror  https://www.fergusonhome.com/elegant-lighting-mre13636/s1604937?uid=3829770 MRE13636 450 493.35 493.02 Ferguson  2026-04-22 00:00:00 0.0 0.0 0.0,Electric LED Lighted Mirror 450 493.35 493.02,ea,ea,Sheet1,141 | 110
225,LED Lighted Mirror,LED Lighted Mirror,LED Lighted Mirror,,ea,ea,Product Library | Raw Records | Product Master | Raw Extract | Product Occurrences,213 | 145 | 169 | 273 | 243
227,Toliets  (3) Toilets - 3 Toto/Seat Included  $477.99 3 PC  https://www.fergusonhome.com/toto-ms776124csfg/s1797886?uid=4,Toliets (3) Toilets - 3 Toto/Seat Included $ 3 PC,Toliets  (3) Toilets - 3 Toto/Seat Included  $477.99 3 PC  https://www.fergusonhome.com/toto-ms776124csfg/s1797886?uid=4250648 MS776124CSFG#01 1350 1481.8 1420.683 Ferguson  2026-04-28 00:00:00 0.0,Toliets (3) Toilets - 3 Toto/Seat Included $477.99 3 PC #01 1350 1481.8 1420.683 Ferguson,ea,ea,Sheet1,131
228,"Hall Mirror  https://www.amazon.com/dp/B0GVNNH87N?ref_=ppx_printOD_title_dt_b_fed_asin_title_0_0&th=1 32' x24"" Arched  2","Hall Mirror 32' x24"" Arched 2","Hall Mirror  https://www.amazon.com/dp/B0GVNNH87N?ref_=ppx_printOD_title_dt_b_fed_asin_title_0_0&th=1 32' x24"" Arched  205.66 Amazon 2026-06-05 00:00:00 0.0","Hall Mirror 32' x24"" Arched 205.66 Amazon",ea,ea,Sheet1,105
230,Shower Wall Tile 93 sq ft MSI Veneto White Matte 12x24,Shower Wall Tile 93 sq ft MSI Veneto White Matte 12x24,Shower Wall Tile 93 sq ft MSI Veneto White Matte 12x24,,ea,sqft,Product_Occurrences | Product_Master | Product Library | Raw Records | Product Master | Product Occurrences,305 | 290 | 222 | 116 | 276 | 194
231,Hardware 2 Liberty,Hardware 2 Liberty,Hardware 2 Liberty,,ea,ea,Product Library | Raw Records | Product Master | Raw Extract | Product Occurrences,223 | 85 | 178 | 278 | 95
232,Hardware 2 Liberty  https://www.homedepot.com/p/Liberty-Mia-1-in-25-mm-Modern-Satin-Nickel-Round-Cabinet-Knob-PN0058C-SN,Hardware 2 Liberty,Hardware 2 Liberty  https://www.homedepot.com/p/Liberty-Mia-1-in-25-mm-Modern-Satin-Nickel-Round-Cabinet-Knob-PN0058C-SN-C/202021090 PN0058C-SN-C 4.72 4.72 Home Depot  2026-06-09 00:00:00 0.0,Hardware 2 Liberty -SN-C 4.72 4.72,ea,ea,Sheet1,80 | 71
233,"Shower Feature Wall Tile 36"" 36"" Niche 10 SQ FT =175.50 https://www.msisurfaces.com/natural-stone-mosaics/cecily-pattern","Shower Feature Wall Tile 36"" 36"" Niche 10 SQ FT =","Shower Feature Wall Tile 36"" 36"" Niche 10 SQ FT =175.50 https://www.msisurfaces.com/natural-stone-mosaics/cecily-pattern-polished/ SMOT-CECILY-POL10MM 193.05 220.077 ProSource  0.0 0.0 0.0","Shower Feature Wall Tile 36"" 36"" Niche 10 SQ FT =175.50 SMOT-CECILY- 193.05 220.077 ProSource",ea,sqft,Sheet1,151
239,Sink -,Sink,,,ea,ea,Product_Occurrences | Product_Master,800 | 769
240,Sink -  RVH8310  1250 511.093 Ferguson Home  2025-09-11 00:00:00 0.0,Sink Home,Sink -  RVH8310  1250 511.093 Ferguson Home  2025-09-11 00:00:00 0.0,Sink 1250 511.093 Home,ea,ea,Sheet1,220
241,Sink -,Sink,,,ea,ea,Product Library | Raw Records | Product Master | Raw Extract,234 | 127 | 184
243,Shower Arm  S122BG 104.88499999999999 Ferguson  2025-11-19 00:00:00 1.0 0.0,Shower Arm,Shower Arm  S122BG 104.88499999999999 Ferguson  2025-11-19 00:00:00 1.0 0.0,Shower Arm 104.88499999999999 1.0,ea,ea,Sheet1,189
244,Tub Drain Kit  https://www.fergusonhome.com/jones-stephens-b2s24pzlcp/s2054377?uid=4932900 B2S24PZLCP 49.093 Ferguson  0,Tub Drain Kit B2S24PZLCP Ferguson 0,Tub Drain Kit  https://www.fergusonhome.com/jones-stephens-b2s24pzlcp/s2054377?uid=4932900 B2S24PZLCP 49.093 Ferguson  0.0,Tub Drain Kit B2S24PZLCP 49.093 Ferguson,ea,ea,Sheet1,75
246,Shower Head  S6365BN 308.59400000000005 Ferguson  2025-11-19 00:00:00 1.0 0.0,Shower Head,Shower Head  S6365BN 308.59400000000005 Ferguson  2025-11-19 00:00:00 1.0 0.0,Shower Head 308.59400000000005 1.0,ea,ea,Sheet1,213
249,Tub  False Plug for the tub - 4 holes  https://www.fergusonhome.com/search?term=SH131WH SH131WH 20.23 Gferguson  0.0,Tub Plug for the tub - 4 holes G,Tub  False Plug for the tub - 4 holes  https://www.fergusonhome.com/search?term=SH131WH SH131WH 20.23 Gferguson  0.0,Tub Plug for the tub - 4 holes 20.23 G,ea,ea,Sheet1,220 | 157
251,Soaker Tub  SH462576 2056.6150000000002 Ferguson  2025-11-19 00:00:00 1.0 0.0,Soaker Tub .6150000000002,Soaker Tub  SH462576 2056.6150000000002 Ferguson  2025-11-19 00:00:00 1.0 0.0,Soaker Tub 2056.6150000000002 1.0,ea,ea,Sheet1,203
253,Soaker Tub Drain Roughin  SH653PVC  216.71099999999998 Ferguson  2025-11-19 00:00:00 1.0 0.0,Soaker Tub Drain Roughin,Soaker Tub Drain Roughin  SH653PVC  216.71099999999998 Ferguson  2025-11-19 00:00:00 1.0 0.0,Soaker Tub Drain Roughin 216.71099999999998 1.0,ea,ea,Sheet1,204
255,0.0 Medicine Cabinet 24 in. W x 30 in. H Rectangular with Mirror https://www.homedepot.com/p/Glacier-Bay-24-in-W-x-30-in,Medicine Cabinet 24 in. W x 30 in. H Rectangular with Mirror,0.0 Medicine Cabinet 24 in. W x 30 in. H Rectangular with Mirror https://www.homedepot.com/p/Glacier-Bay-24-in-W-x-30-in-H-Rectangular-Medicine-Cabinet-with-Mirror-SP4450/202070551  SP4450 196.9 Home Depot  0.0,Medicine Cabinet 24 in. W x 30 in. H Rectangular with Mirror 196.9,ea,ea,Sheet1,17 | 18
257,"Tile  Bath Floor Tile 24"" x 24"" 38 SQ FT $155.80 https://www.stonepeakceramics.com/product/ikonite-walnut/ USSP2424317 9","Tile Bath Floor Tile 24"" x 24"" 38 SQ FT $ USSP2424317 9","Tile  Bath Floor Tile 24"" x 24"" 38 SQ FT $155.80 https://www.stonepeakceramics.com/product/ikonite-walnut/ USSP2424317 950 211.38000000000002 209.71500000000003 ProSource  0.0 0.0 0.0","Tile Bath Floor Tile 24"" x 24"" 38 SQ FT $155.80 USSP2424317 950 211.38000000000002 209.71500000000003 ProSource",ea,sqft,Sheet1,149
258,"Shower Wall Tile 24"" x 48"" 95 SQ FT $432.35 https://www.stonepeakceramics.com/product/ikonite-walnut/ USSP2448317  904.8","Shower Wall Tile 24"" x 48"" 95 SQ FT $ USSP2448317","Shower Wall Tile 24"" x 48"" 95 SQ FT $432.35 https://www.stonepeakceramics.com/product/ikonite-walnut/ USSP2448317  904.8000000000001 543.048 ProSource  R 4/22 0.0 0.0 0.0","Shower Wall Tile 24"" x 48"" 95 SQ FT $432.35 USSP2448317 904.8000000000001 543.048 ProSource R 4/22",ea,sqft,Sheet1,150
266,Shower Trim  T3691BN 373.021 Ferguson  2025-11-19 00:00:00 1.0 0.0,Shower Trim,Shower Trim  T3691BN 373.021 Ferguson  2025-11-19 00:00:00 1.0 0.0,Shower Trim 373.021 1.0,ea,ea,Sheet1,211
267,Aluminum Carpet Trim - Satin Brass/Pewter/Silver,Aluminum Carpet Trim - Satin Brass/Pewter/Silver,Aluminum Carpet Trim - Satin Brass/Pewter/Silver,,ea,ea,"Mrozek, Dan 40214-THC",7
268,*** Toto Toilet Add-On,Toto Toilet Add-On,,,ea,ea,Product Library | Raw Records | Product Master | Raw Extract,252 | 239 | 202
270,2 Widespread  Faucets,2 Widespread Faucets,,,ea,ea,Product_Occurrences | Product_Master,626 | 598
271,2 Widespread  Faucets  TS44102BG 1341.802 Ferguson  2025-11-19 00:00:00 1.0 0.0,2 Widespread Faucets .802,2 Widespread  Faucets  TS44102BG 1341.802 Ferguson  2025-11-19 00:00:00 1.0 0.0,2 Widespread Faucets 1341.802 1.0,ea,ea,Sheet1,195
273,** Add-on toilet  False ***Toilet Washlet + Bidet  TSW4736AT4001 902.143 Ferguson 2026-02-11 00:00:00 0.0,** Add-on toilet Toilet Washlet + Bidet,** Add-on toilet  False ***Toilet Washlet + Bidet  TSW4736AT4001 902.143 Ferguson 2026-02-11 00:00:00 0.0,** Add-on toilet Toilet Washlet + Bidet 902.143,ea,ea,Sheet1,155
275,** Add-on toilet  False ***Auto Flush Unit 1.28 TTHU857 144.903 Ferguson 2026-02-11 00:00:00 0.0,** Add-on toilet Auto Flush Unit,** Add-on toilet  False ***Auto Flush Unit 1.28 TTHU857 144.903 Ferguson 2026-02-11 00:00:00 0.0,** Add-on toilet Auto Flush Unit 1.28 144.903,ea,ea,Sheet1,156
277,Shower Valve U232CIS 1000 198.935 Ferguson  2025-11-19 00:00:00 1.0 0.0,Shower Valve,Shower Valve U232CIS 1000 198.935 Ferguson  2025-11-19 00:00:00 1.0 0.0,Shower Valve 1000 198.935 1.0,ea,ea,Sheet1,187
278,Utensil Organizer Pull out - by Stove,Utensil Organizer Pull out - by Stove,Utensil Organizer Pull out - by Stove,,ea,ea,Product Library | Raw Records | Product Master | Product Occurrences,256 | 74 | 331 | 70
279,Shower Floor tile 4” x 4” Hexagon 18 SQ FT =$627.30,Shower Floor tile 4” x 4” Hexagon 18 SQ FT =$,Shower Floor tile 4” x 4” Hexagon 18 SQ FT =$627.30,Shower Floor tile 4” x 4” Hexagon 18 SQ FT =$627.30,ea,sqft,Product Library | Raw Records | Product Master | Raw Extract | Product Occurrences,257 | 161 | 205 | 334 | 259
280,Shower Floor tile 4” x 4” Hexagon 18 SQ FT =$627.30  https://www.stonepeakceramics.com/product/ikonite-walnut/ USG12MH33,Shower Floor tile 4” x 4” Hexagon 18 SQ FT =$ USG12MH33,Shower Floor tile 4” x 4” Hexagon 18 SQ FT =$627.30  https://www.stonepeakceramics.com/product/ikonite-walnut/ USG12MH3317 730.03 690.03 ProSource  0.0 0.0 0.0,Shower Floor tile 4” x 4” Hexagon 18 SQ FT =$627.30 730.03 690.03 ProSource,ea,sqft,Sheet1,152
281,"Bath Floor Tile 24"" x 24"" 38 SQ FT $155.80","Bath Floor Tile 24"" x 24"" 38 SQ FT $","Bath Floor Tile 24"" x 24"" 38 SQ FT $155.80","Bath Floor Tile 24"" x 24"" 38 SQ FT $155.80",ea,sqft,Product Library | Raw Records | Product Master | Raw Extract | Product Occurrences,258 | 157 | 206 | 335 | 255
282,"Tile  Bath Floor Tile 24"" x 24"" 38 SQ FT $155.80 https://www.stonepeakceramics.com/product/ikonite-walnut/ USSP2424317 9","Tile Bath Floor Tile 24"" x 24"" 38 SQ FT $ 9","Tile  Bath Floor Tile 24"" x 24"" 38 SQ FT $155.80 https://www.stonepeakceramics.com/product/ikonite-walnut/ USSP2424317 950 211.38000000000002 209.71500000000003 ProSource  0.0 0.0 0.0","Tile Bath Floor Tile 24"" x 24"" 38 SQ FT $155.80 950 211.38000000000002 209.71500000000003",ea,sqft,Sheet1,116
283,"Shower Wall Tile 24"" x 48"" 95 SQ FT $432.35","Shower Wall Tile 24"" x 48"" 95 SQ FT $","Shower Wall Tile 24"" x 48"" 95 SQ FT $432.35","Shower Wall Tile 24"" x 48"" 95 SQ FT $432.35",ea,sqft,Product Library | Raw Records | Product Master | Raw Extract | Product Occurrences,259 | 159 | 207 | 336 | 257
284,"Shower Wall Tile 24"" x 48"" 95 SQ FT $432.35 https://www.stonepeakceramics.com/product/ikonite-walnut/ USSP2448317  904.8","Shower Wall Tile 24"" x 48"" 95 SQ FT $","Shower Wall Tile 24"" x 48"" 95 SQ FT $432.35 https://www.stonepeakceramics.com/product/ikonite-walnut/ USSP2448317  904.8000000000001 543.048 ProSource  R 4/22 0.0 0.0 0.0","Shower Wall Tile 24"" x 48"" 95 SQ FT $432.35 904.8000000000001 543.048 R 4/22",ea,sqft,Sheet1,117
285,Shower 2 handle  Trim & Valve,Shower 2 handle Trim & Valve,,,ea,ea,Product_Occurrences | Product_Master,615 | 587
286,Shower 2 handle  Trim & Valve  UTS9211BG 622.183 Ferguson  2025-11-19 00:00:00 1.0 0.0,Shower 2 handle Trim & Valve,Shower 2 handle  Trim & Valve  UTS9211BG 622.183 Ferguson  2025-11-19 00:00:00 1.0 0.0,Shower 2 handle Trim & Valve 622.183 1.0,ea,ea,Sheet1,188
287,1-T Strip,1 Strip,1-T Strip,1-T Strip,ea,ea,Product Library | Raw Records | Product Master | Raw Extract | Product Occurrences,262 | 263 | 167 | 186 | 210 | 211 | 338 | 339 | 266 | 290
290,T-Strip (1),T-Strip (1),T-Strip (1),,ea,ea,Product Master | Product Occurrences,340 | 158
291,T-Strip -3,T-Strip -3,T-Strip -3,,ea,ea,Product Library | Raw Records | Product Master | Raw Extract | Product Occurrences,261 | 105 | 209 | 337 | 175
292,Stair Nose Cap -9,Stair Nose Cap -9,Stair Nose Cap -9,,ea,ea,Product Library | Raw Records | Product Master | Raw Extract | Product Occurrences,265 | 104 | 213 | 355 | 174
294,LifeProof Shallow Ford Oak Stair Nose,LifeProof Shallow Ford Oak Stair Nose,LifeProof Shallow Ford Oak Stair Nose,,ea,ea,"Mrozek, Dan 40214-THC",6
297,Flooring  Kitchen Floor LVT Sonia Marble VV872 166 Sq Ft  1410 926.21 ProSource  2025-10-31 00:00:00 0.0,Flooring Kitchen Floor LVT Sonia Marble 166 Sq Ft,Flooring  Kitchen Floor LVT Sonia Marble VV872 166 Sq Ft  1410 926.21 ProSource  2025-10-31 00:00:00 0.0,Flooring Kitchen Floor LVT Sonia Marble 166 Sq Ft 1410 926.21,ea,sqft,Sheet1,284 | 221
298,Flooring  LVT  Coretec Iona Stone 90 SQ FT  VV872-12266 950 463.11 ProSource  0.0,Flooring LVT Coretec Iona Stone 90 SQ FT -12266 950,Flooring  LVT  Coretec Iona Stone 90 SQ FT  VV872-12266 950 463.11 ProSource  0.0,Flooring LVT Coretec Iona Stone 90 SQ FT -12266 950 463.11,ea,sqft,Sheet1,231
299,Paint:  https://www.benjaminmoore.com/en-us/paint-colors/color/967/cloud-white?_gl=1*1fntc06*_up*MQ..*_gs*MQ..&gclid=Cj0,Paint,Paint:  https://www.benjaminmoore.com/en-us/paint-colors/color/967/cloud-white?_gl=1*1fntc06*_up*MQ..*_gs*MQ..&gclid=Cj0KCQjw8PDPBhCeARIsAOJwmWWvKZUnWST3sgUgGlvSRxEPjUqFFsIhr6VY73qVCmsK-_poTbcEp9MaAkD_EALw_wcB&gclsrc=aw.ds&gbraid=0AAAAADPqh08Vr-bZfbgfC-6InF-XVI6_k 967 JC Licht  0.0,Paint: 967 JC Licht,ea,ea,Sheet1,106
300,3 - Hooks,3 - Hooks,3 - Hooks,,ea,ea,Product Library | Raw Records | Product Master | Raw Extract | Product Occurrences,240 | 141 | 190 | 311 | 237
301,3 - Hooks  https://www.wayfair.com/home-improvement/pdp/rebrilliant-clairview-wall-mounted-robe-hook-w000078398.html?pii,3 - Hooks,3 - Hooks  https://www.wayfair.com/home-improvement/pdp/rebrilliant-clairview-wall-mounted-robe-hook-w000078398.html?piid=477188212 SKU: W000078398 87 86.55 Wayfair Cabinet & (3) Hooks  2026-04-21 00:00:00 0.0,3 - Hooks SKU: 87 86.55 Cabinet & (3) Hooks,ea,ea,Sheet1,137 | 106
302,"36"" Free Standing Cabinet Storage","36"" Free Standing Cabinet Storage","36"" Free Standing Cabinet Storage",,ea,ea,Product Library | Raw Records | Product Master | Raw Extract | Product Occurrences,241 | 138 | 191 | 312 | 234
303,"Cabinet  36"" Free Standing Cabinet Storage  https://www.wayfair.com/storage-organization/pdp/hokku-designs-palace-import","Cabinet 36"" Free Standing Cabinet Storage","Cabinet  36"" Free Standing Cabinet Storage  https://www.wayfair.com/storage-organization/pdp/hokku-designs-palace-imports-100-solid-wood-short-bathroom-linen-cabinet-with-doors-drawers-adjustable-shelves-modular-bathroom-laundry-storage-cabinet-32-w-x-3575-h-w112248274.html?piid=843716567 SKU: W112248263 1300 326 325.49 Wayfair Cabinet & (3) Hooks  2026-04-21 00:00:00 0.0","Cabinet 36"" Free Standing Cabinet Storage SKU: 1300 326 325.49 Cabinet & (3) Hooks",ea,ea,Sheet1,134 | 104
304,Shower Wall Tile 93 sq ft MSI Veneto White Matte 12x24  https://www.msisurfaces.com/site-search/?key=Veneto%20White NVEN,Shower Wall Tile 93 sq ft MSI Veneto White Matte 12x24 NVEN,Shower Wall Tile 93 sq ft MSI Veneto White Matte 12x24  https://www.msisurfaces.com/site-search/?key=Veneto%20White NVENEWHI1224 1200 340 ProSource  2026-05-08 00:00:00 0.0,Shower Wall Tile 93 sq ft MSI Veneto White Matte 12x24 NVENEWHI1224 1200 340 ProSource,ea,sqft,Sheet1,113
305,Backsplash Tile  MSI Renzo  NRENJAD3X12 GLOSSY  1200 261.3 ProSource  2025-10-31 00:00:00 0.0,Backsplash Tile MSI Renzo NRENJAD3X12 GLOSSY ProSource,Backsplash Tile  MSI Renzo  NRENJAD3X12 GLOSSY  1200 261.3 ProSource  2025-10-31 00:00:00 0.0,Backsplash Tile MSI Renzo NRENJAD3X12 GLOSSY 1200 261.3 ProSource,ea,ea,Sheet1,283
306,Hall Mirror,Hall Mirror,Hall Mirror,,ea,ea,Product Library | Raw Records | Product Master | Product Occurrences,37 | 107 | 91 | 181
312,Kitchen Range Hood Broan GLA1303SS 242.48 Amazon 2026-05-28 00:00:00 Final,Kitchen Range Hood Final,Kitchen Range Hood Broan GLA1303SS 242.48 Amazon 2026-05-28 00:00:00 Final,Kitchen Range Hood 242.48 Final,ea,ea,Sheet1,29
326,Delta Classic Tub 60 x 30  https://www.homedepot.com/p/Delta-Classic-500-60-in-x-30-in-Alcove-Deep-Soaking-Bathtub-with-,Classic Tub 60 x 30,Delta Classic Tub 60 x 30  https://www.homedepot.com/p/Delta-Classic-500-60-in-x-30-in-Alcove-Deep-Soaking-Bathtub-with-Left-Drain-in-High-Gloss-White-B23605-6030L-WH/321016480 834.07 Home Depot  B23605-6030L-WH 0.0 0.0 2025-07-25 00:00:00 1.0 0.0,Classic Tub 60 x 30 834.07 -6030L-WH 1.0,ea,ea,Sheet1,305 | 242
327,Delta Lorelai 32” Workstation Kitchen Sink Undermount 16 Gauge Stainless Steel Single Bowl with WorkFlow Ledge and Accessories,Lorelai 32” Workstation Kitchen Sink Undermount 16 Gauge Stainless Steel Single Bowl with WorkFlow Ledge and Accessories,Delta Lorelai 32” Workstation Kitchen Sink Undermount 16 Gauge Stainless Steel Single Bowl with WorkFlow Ledge and Accessories,,ea,ea,Product Library | Raw Records | Product Master | Raw Extract | Product Occurrences | Sheet1,66 | 69 | 58 | 122 | 63 | 65 | 61
329,Shower Head Handle Trim & Tub Spout,Shower Head Handle Trim & Tub Spout,Shower Head Handle Trim & Tub Spout,,ea,ea,Product Library | Raw Records | Product Master | Raw Extract | Product Occurrences | Sheet1,96 | 275 | 72 | 168 | 301 | 247 | 175
330,Delta 1.5 GPM Reverse Osmosis Contemporary Beverage Faucet - Less Filter,GPM Reverse Osmosis Contemporary Beverage Faucet - Less Filter,Delta 1.5 GPM Reverse Osmosis Contemporary Beverage Faucet - Less Filter,1.5 GPM Reverse Osmosis Contemporary Beverage Faucet - Less Filter,ea,ea,Product Library | Raw Records | Product Master | Raw Extract | Product Occurrences | Sheet1,98 | 71 | 74 | 170 | 65 | 67 | 62
331,"Delta Universal Mixing Rough-In Valve with Service Stops, 1/2"" NPT Male thread with 1/2"" C.W.T Female Sweat - Shower Only, No Tub Outlet","Universal Mixing Rough-In Valve with Service Stops, 1/2"" NPT Male thread with 1/2"" C.W.T Female Sweat - Shower Only, No Tub Outlet","Delta Universal Mixing Rough-In Valve with Service Stops, 1/2"" NPT Male thread with 1/2"" C.W.T Female Sweat - Shower Only, No Tub Outlet",,ea,ea,Product Master | Product Occurrences | Sheet1,264 | 114 | 91 | 78
332,Delta Diverter Rough-In Valve for Delta 3 Function and 6 Function Diverter Trims Model: R11000 117.293 Ferguson  2026-06,Diverter Rough-In Valve for 3 Function and 6 Function Diverter Trims Model: -06,Delta Diverter Rough-In Valve for Delta 3 Function and 6 Function Diverter Trims Model: R11000 117.293 Ferguson  2026-06-09 00:00:00 in kit,Diverter Rough-In Valve for 3 Function and 6 Function Diverter Trims Model: 117.293 in kit,ea,ea,Sheet1,90 | 77
333,"Delta Innovations Three Function Diverter Valve Trim Less Rough-In Valve - Two Independent Positions, One Shared Position","Innovations Three Function Diverter Valve Trim Less Rough-In Valve - Two Independent Positions, One Shared Position","Delta Innovations Three Function Diverter Valve Trim Less Rough-In Valve - Two Independent Positions, One Shared Position",,ea,ea,Product Master | Product Occurrences | Sheet1,266 | 115 | 92 | 79
334,Delta Lahara Monitor 17 Series Dual Function Pressure Balanced Shower Only with Integrated Volume Control - Less Rough-In Valve,Lahara Monitor 17 Series Dual Function Pressure Balanced Shower Only with Integrated Volume Control - Less Rough-In Valve,Delta Lahara Monitor 17 Series Dual Function Pressure Balanced Shower Only with Integrated Volume Control - Less Rough-In Valve,,ea,ea,Product Master | Product Occurrences | Sheet1,267 | 116 | 93 | 80
335,"DreamLine SlimLine 30"" x 60"" Shower Base with Single Threshold and Left-Side Drain","SlimLine 30"" x 60"" Shower Base with Single Threshold and Left-Side Drain",Shower Base Left Drain 30x60,Shower Base Left Drain 30x60,ea,ea,Product Library | Raw Extract | Raw Records | Product Master | Product Occurrences,7 | 39 | 89 | 90 | 18 | 113 | 68 | 69 | 161 | 191
337,Neo-Angle Shower Base,Neo-Angle Shower Base,Neo-Angle Shower Base,,ea,ea,Product Library | Raw Records | Product Master | Raw Extract | Product Occurrences,92 | 101 | 71 | 162 | 170
338,Shower Drain,Shower Drain,Shower Drain,,ea,ea,Product Library | Raw Records | Product Master | Product Occurrences | Sheet1,93 | 102 | 163 | 171 | 101
339,DreamLine SlimLine Shower Drain - Brushed Nickel,SlimLine Shower Drain - Brushed Nickel,DreamLine SlimLine Shower Drain - Brushed Nickel  https://www.fergusonhome.com/dreamline-dn09x02r/s2086405?uid=5094657&_br_psugg_q=dreamline+shower+drain DN09X02R04 75.9 Ferguson,SlimLine Shower Drain - Brushed Nickel 75.9,ea,ea,Product Library | Raw Extract | Raw Records | Sheet1,8 | 40 | 94 | 19 | 24
340,Shower Drain Matte Black,Shower Drain Matte Black,Shower Drain Matte Black,,ea,ea,Product Library | Raw Records | Product Master | Product Occurrences | Sheet1,95 | 114 | 164 | 192 | 111
341,"Shower Door 60"" Clear Glass Matte Black","Shower Door 60"" Clear Glass Matte Black","Shower Door 60"" Clear Glass Matte Black",,ea,ea,Product Library | Raw Records | Product Master | Raw Extract | Product Occurrences,238 | 153 | 188 | 298 | 251
345,Garbage Disposal,Garbage Disposal,Garbage Disposal,,ea,ea,Product Master | Product Occurrences,135 | 66
346,"Occession 36"" Grab Bar","Occession 36"" Grab Bar","Occession 36"" Grab Bar",,ea,ea,Product Library | Raw Records | Product Master | Raw Extract | Product Occurrences,32 | 156 | 31 | 89 | 254
347,"18""  Towel Bar (2) simplice","18"" Towel Bar (2) simplice",,,ea,ea,Product Library | Raw Records | Product Master | Raw Extract,33 | 198 | 32
350,0.0 Purewash E580 Round Electric Bidet Seat in White https://www.homedepot.com/p/KOHLER-Purewash-E580-Round-Electric-Bid,Purewash Round Electric Bidet Seat in White,0.0 Purewash E580 Round Electric Bidet Seat in White https://www.homedepot.com/p/KOHLER-Purewash-E580-Round-Electric-Bidet-Seat-in-White-32331-0/325621229?fp=oai&utm_source=chatgpt.com&oppcref=c455ae81-d747-4b1c-a24f-a8766ddb7add#see-more-details 32331-0 Home Depot  0.0,Purewash Round Electric Bidet Seat in White 32331-0,ea,ea,Sheet1,12 | 15
351,Shower Valve,Shower Valve,matte Black  0.0 Shower Valve  https://www.fergusonhome.com/kohler-k-11748-ks/s558217?uid=1356175  K-11748-KS-NA 227.83200000000002 Ferguson 2026-04-10 00:00:00 0.0,matte Black Shower Valve -KS-NA 227.83200000000002,ea,ea,Product Library | Raw Records | Product Master | Raw Extract | Sheet1,118 | 24 | 83 | 33 | 34
352,(2) Sinks Rect,(2) Sinks Rect,(2) Sinks Rect,,ea,ea,Product Library | Raw Records | Product Master | Raw Extract | Product Occurrences | Sheet1,119 | 120 | 121 | 122 | 29 | 43 | 87 | 234 | 276 | 84 | 85 | 3 | 32 | 98 | 133 | 153 | 302 | 38 | 214 | 30 | 378 | 425 | 505 | 534 | 554 | 780 | 827 | 894
354,Powder Room Towel Bar Kohler K-21952-BN 77.308 Ferguson 2026-06-02 00:00:00 Final,Powder Room Towel Bar -BN Final,Powder Room Towel Bar Kohler K-21952-BN 77.308 Ferguson 2026-06-02 00:00:00 Final,Powder Room Towel Bar -BN 77.308 Final,ea,ea,Sheet1,31 | 32
355,"24"" Towel Bar above Toilet","24"" Towel Bar above Toilet","0.0 24"" Towel Bar above Toilet  https://www.fergusonhome.com/kohler-k-21953/s1517173?uid=3567961 K-21953-BN 79.61 Ferguson  0.0","24"" Towel Bar above Toilet -BN 79.61",ea,ea,Product Library | Raw Extract | Raw Records | Product Master | Sheet1,10 | 33 | 123 | 13 | 86 | 18 | 19
356,TP Holder,TP Holder,TP Holder,,ea,ea,Product Library | Raw Records | Product Master | Raw Extract | Product Occurrences | Sheet1,124 | 90 | 87 | 211 | 101 | 30 | 84 | 31 | 506
357,Hook for Towel,Hook for Towel,Hook for Towel,,ea,ea,Product Library | Raw Records | Product Master | Raw Extract | Product Occurrences | Sheet1,125 | 89 | 88 | 212 | 100 | 83 | 73
358,(2) Faucet,(2) Faucet,(2) Faucet,,ea,ea,Product Library | Raw Records | Product Master | Raw Extract | Product Occurrences | Sheet1,126 | 44 | 89 | 213 | 33 | 49 | 45
359,Faucet-Kohler Tempered 1.2 GPM Single Hole Bathroom Faucet with Pop-Up Drain Assembly,Faucet- Tempered GPM Single Hole Bathroom Faucet with Pop-Up Drain Assembly,Faucet,Faucet,ea,ea,Product Library | Raw Extract | Raw Records | Product Master | Product Occurrences | Sheet1,11 | 27 | 127 | 128 | 129 | 9 | 60 | 68 | 88 | 90 | 91 | 92 | 47 | 214 | 49 | 57 | 99 | 14 | 28 | 63 | 82 | 17 | 59 | 72 | 349 | 444
360,"17"" Oval Undermount Bathroom Sink","17"" Oval Undermount Bathroom Sink","0.0 17"" Oval Undermount Bathroom Sink
 https://www.fergusonhome.com/kohler-k-2209/s560373?uid=220794 K-2209-0 107.96500000000002 Ferguson 0.0","17"" Oval Undermount Bathroom Sink -0 107.96500000000002",ea,ea,Product Library | Raw Extract | Raw Records | Product Master | Sheet1,12 | 26 | 130 | 131 | 8 | 269 | 93 | 13 | 16 | 883
361,(2) Kohler Caxton Oval Undermount Bathroom Sink with Overflow,(2) Caxton Oval Undermount Bathroom Sink with Overflow,Sink,Sink,ea,ea,Product Library | Raw Records | Product Master | Raw Extract | Product Occurrences | Sheet1,132 | 133 | 59 | 67 | 193 | 94 | 48 | 56 | 62 | 58 | 443 | 750
362,Sink,Sink,Sink,,ea,ea,Product Library | Raw Records | Product Master | Raw Extract | Product Occurrences | Sheet1,134 | 121 | 95 | 215 | 199 | 118 | 94
363,Toilet Paper Holder,Toilet Paper Holder,0.0  Toilet Paper Holder  https://www.fergusonhome.com/kohler-k-23292/s1716146?uid=4161662 K-23292-BL 86.32800000000002 Ferguson  2026-04-10 00:00:00 0.0,Toilet Paper Holder -BL 86.32800000000002,ea,ea,Product Library | Raw Records | Product Master | Raw Extract | Sheet1,135 | 33 | 96 | 42 | 41
364,"24""Grab Bar","24""Grab Bar","24""Grab Bar  https://www.fergusonhome.com/kohler-k-23295/s1720990?uid=4118429 K-23295-BL 145.145 Ferguson  2026-04-10 00:00:00","24""Grab Bar -BL 145.145",ea,ea,Product Library | Raw Records | Product Master | Raw Extract | Sheet1,136 | 34 | 97 | 43 | 42
365,Bath Tub right Drain,Bath Tub right Drain,Kohler Tub - Entity,Tub - Entity,ea,ea,Product Library | Raw Records | Product Master | Raw Extract | Product Occurrences | Sheet1,137 | 138 | 26 | 79 | 267 | 98 | 216 | 82 | 35 | 485 | 881
366,"Shower Fixture 15""  / Arm MODEL: K-26322-CP","Shower Fixture 15"" / Arm MODEL: -CP","Shower Fixture 15""  / Arm MODEL: K-26322-CP",,ea,ea,Product Library | Raw Records | Product Master | Raw Extract | Product Occurrences | Sheet1,139 | 48 | 99 | 217 | 37 | 53 | 49
367,"24"" Towel Bar","24"" Towel Bar","0.0  24"" Towel Bar https://www.fergusonhome.com/kohler-k-26634/s1715840?uid=4056148 K-26634-BL 135.65200000000002 Ferguson  2026-04-10 00:00:00 0.0 Noted Judy Picked up","24"" Towel Bar -BL 135.65200000000002 Noted Judy Picked up",ea,ea,Product Library | Raw Records | Product Master | Raw Extract | Sheet1,140 | 31 | 100 | 40 | 39
368,Robe Hooks,Robe Hooks,0.0  Robe Hooks  https://www.fergusonhome.com/kohler-k-26636/s1714790?uid=4056139 K-26636-BL 96.91 Ferguson  2026-04-10 00:00:00 0.0 Left on office,Robe Hooks -BL 96.91 Left on office,ea,ea,Product Library | Raw Records | Product Master | Raw Extract | Sheet1,141 | 32 | 101 | 41 | 40
369,Toilet Seat -,Toilet Seat,Toilet Seat -,,ea,ea,Product Library | Raw Records | Product Master | Raw Extract | Product Occurrences | Sheet1,142 | 143 | 82 | 192 | 102 | 218 | 85 | 77 | 67 | 749
370,Toilet Seat Impro Round,Toilet Seat Impro Round,Toilet  Seat - Round,Toilet Seat - Round,ea,ea,Product Library | Raw Extract | Raw Records | Product Master | Product Occurrences | Sheet1,13 | 24 | 144 | 145 | 6 | 57 | 63 | 66 | 103 | 35 | 46 | 52 | 55 | 11 | 14 | 428 | 436 | 442
371,Shower Set-up,Shower Set-up,Shower Set-up,,ea,ea,Product Library | Raw Records | Product Master | Raw Extract | Product Occurrences | Sheet1,146 | 150 | 104 | 219 | 248 | 143 | 112
372,"(2) 18"" Kohler Towel Bar","(2) 18"" Towel Bar","(2) 18"" Kohler Towel Bar",,ea,ea,Product Library | Raw Records | Product Master | Raw Extract | Product Occurrences | Sheet1,147 | 142 | 105 | 220 | 238 | 138 | 107
373,(2) Faucet & Drain Kit  Simplice,(2) Faucet & Drain Kit Simplice,0.0 (2) Faucet & Drain Kit  Simplice  https://www.fergusonhome.com/kohler-k-27388-4/s1873551?uid=4428973 K-27388-4-BN 524.634 Ferguson 0.0,(2) Faucet & Drain Kit Simplice -4-BN 524.634,ea,ea,Product Library | Raw Records | Product Master | Raw Extract | Sheet1,148 | 194 | 106 | 178 | 136
374,Undermount Sink Single Bowl  Kohler  K-28876-NA Ferguson  0.0 0.0 2025-09-05 00:00:00 0.0,Undermount Sink Single Bowl -NA,Undermount Sink Single Bowl  Kohler  K-28876-NA Ferguson  0.0 0.0 2025-09-05 00:00:00 0.0,,ea,ea,Sheet1,282 | 219
375,Kitchen Kitchen Faucet Kohler Rival K-30469-VS 600 315.22700000000003 Ferguson 2026-06-02 00:00:00 Final,Kitchen Kitchen Faucet Rival -VS 600 Final,Kitchen Kitchen Faucet Kohler Rival K-30469-VS 600 315.22700000000003 Ferguson 2026-06-02 00:00:00 Final,Kitchen Kitchen Faucet Rival -VS 600 315.22700000000003 Final,ea,ea,Sheet1,27
376,Toilet Kohler Santa Rosa,Toilet Santa Rosa,0.0 Toilet Kohler Santa Rosa  https://www.fergusonhome.com/kohler-k-30811/s1886088?uid=4458444 K-30811-0 512.897 Ferguson 2026-04-10 00:00:00 0.0,Toilet Santa Rosa -0 512.897,ea,ea,Product Library | Raw Records | Product Master | Raw Extract | Sheet1,149 | 27 | 212 | 107 | 36 | 779
377,Santa Rosa Left Lever,Santa Rosa Left Lever,0.0 Santa Rosa Left Lever  https://www.fergusonhome.com/kohler-k-30919-l/s1919646?uid=4534826 K-30919-L-BL 69.696 Ferguson 2026-04-10 00:00:00 0.0,Santa Rosa Left Lever -L-BL 69.696,ea,ea,Product Library | Raw Records | Product Master | Raw Extract | Sheet1,150 | 28 | 108 | 37
378,Toilet Bowl,Toilet Bowl,Toilet Bowl,,ea,ea,Product Library | Raw Records | Product Master | Raw Extract | Product Occurrences | Sheet1,151 | 148 | 109 | 221 | 246 | 142 | 111
379,Toilet  Bowl - Round,Toilet Bowl - Round,Toilet  Bowl - Round,,ea,ea,Product Library | Raw Records | Product Master | Raw Extract | Product Occurrences | Sheet1,152 | 55 | 61 | 64 | 110 | 36 | 44 | 50 | 53 | 60 | 56 | 434 | 440
380,Toilet - elongated Chair Height,Toilet - elongated Chair Height,Toilet - elongated Chair Height,,ea,ea,Product Library | Raw Records | Product Master | Raw Extract | Product Occurrences | Sheet1,154 | 155 | 156 | 157 | 81 | 147 | 149 | 191 | 112 | 20 | 84 | 245 | 247 | 76 | 66 | 705 | 706 | 748
381,Toilet Kohler Ciminron 1.6 Round  Chair Height,Toilet Ciminron Round Chair Height,Add-ON  0.0 Toilet Kohler Ciminron 1.6 Round  Chair Height  https://www.fergusonhome.com/kohler-k-31640/s1808951?uid=4283712 K-31640-0 425.08400000000006 Ferguson  0.0,Add-ON Toilet Ciminron 1.6 Round Chair Height -0 425.08400000000006,ea,ea,Product Library | Raw Extract | Raw Records | Product Master | Sheet1,14 | 23 | 158 | 5 | 113 | 10 | 13
382,TP Holder,TP Holder,TP Holder,,ea,ea,Product Library | Raw Records | Product Master | Raw Extract | Product Occurrences | Sheet1,159 | 155 | 114 | 222 | 253 | 147 | 115
383,Faucet Wide Spread or Single Match vanity top,Faucet Wide Spread or Single Match vanity top,Faucet Wide Spread or Single Match vanity top,,ea,ea,Product Library | Raw Records | Product Master | Raw Extract | Product Occurrences | Sheet1,160 | 144 | 115 | 223 | 241 | 140 | 109
384,(1) Faucet & Drain Kit,(1) Faucet & Drain Kit,0.0 (1) Faucet & Drain Kit   https://www.fergusonhome.com/kohler-k-37889-4/s2068233?uid=5034096 K-37889-4-BL 481.94300000000004 Ferguson 2026-04-10 00:00:00 0.0,(1) Faucet & Drain Kit -4-BL 481.94300000000004,ea,ea,Product Library | Raw Records | Product Master | Raw Extract | Sheet1,161 | 30 | 116 | 39 | 38
385,"Kohler Levity 74"" High x 59-5/8"" Wide Bypass Frameless Shower Door with Clear Glass","Levity 74"" High x 59 /8"" Wide Bypass Frameless Shower Door with Clear Glass",Shower Door -,Shower Door,ea,ea,Product Library | Raw Extract | Raw Records | Product Master | Product Occurrences | Sheet1,21 | 38 | 162 | 163 | 17 | 115 | 117 | 118 | 224 | 193 | 22 | 112 | 23 | 91
386,Shower Diverter Valve,Shower Diverter Valve,Shower Diverter Valve,,ea,ea,Product Library | Raw Records | Product Master | Raw Extract | Product Occurrences | Sheet1,164 | 53 | 119 | 225 | 42 | 58 | 54
387,Shower Diverter Valve,Shower Diverter Valve,Chrome 0.0 Shower Diverter Valve  https://www.fergusonhome.com/kohler-k-8304-ks/s1251522?uid=2992369 K-737-K-NA 228.78900000000002 Ferguson 0.0,Chrome Shower Diverter Valve -K-NA 228.78900000000002,ea,ea,Product Library | Raw Records | Product Master | Raw Extract | Sheet1,165 | 205 | 120 | 188 | 140
388,"Shower Fixture / 8"" Rain Head","Shower Fixture / 8"" Rain Head","Shower Fixture / 8"" Rain Head",,ea,ea,Product Library | Raw Records | Product Master | Raw Extract | Product Occurrences | Sheet1,166 | 47 | 121 | 226 | 36 | 52 | 48
389,Shower Fixures / Valve,Shower Fixures / Valve,Shower Fixures / Valve,,ea,ea,Product Library | Raw Records | Product Master | Raw Extract | Product Occurrences | Sheet1,167 | 168 | 46 | 152 | 190 | 122 | 27 | 35 | 250 | 51 | 47 | 707 | 747
390,K-8644-0,0,Kohler Shower Base 36x34  K-8644-0 https://www.homedepot.com/p/KOHLER-Rely-36-in-L-x-34-in-W-Alcove-Shower-Pan-Base-with-Center-Drain-in-White-K-8644-0/315752376 525.283125 Home Depot,Shower Base 36x34 -0 525.283125,ea,ea,Product Master | Raw Extract | Sheet1,123 | 258 | 233 | 164
391,K-9132-BN,BN,Kohler Shower Drain  K-9132-BN https://www.fergusonhome.com/kohler-k-9132/s567087?uid=176032 127.52300000000001 ` Ferguson,Shower Drain -BN 127.52300000000001 `,ea,ea,Product Master | Raw Extract | Sheet1,124 | 259 | 234 | 165
392,Shower Vacumn,Shower Vacumn,Shower Vacumn,,ea,ea,Product Library | Raw Records | Product Master | Raw Extract | Product Occurrences | Sheet1,169 | 51 | 125 | 227 | 40 | 56 | 52
393,Shower Elbow  - Awaken,Shower Elbow Awaken,Shower Elbow  - Awaken,,ea,ea,Product Library | Raw Records | Product Master | Raw Extract | Product Occurrences | Sheet1,170 | 50 | 126 | 228 | 39 | 55 | 51
394,"Lighted Medicine Cabinets - Over Sinks (2) 24""x30""","Lighted Medicine Cabinets - Over Sinks (2) 24""x30""","False Lighted Medicine Cabinets - Over Sinks (2) 24""x30""  https://www.fergusonhome.com/kohler-k-99007-tlc/s1533945?uid=3597983 K-99007-TLC-NA 2349.38 Ferguson  2026-02-11 00:00:00 1.0","Lighted Medicine Cabinets - Over Sinks (2) 24""x30"" -TLC-NA 2349.38 1.0",ea,ea,Product Library | Raw Records | Product Master | Raw Extract | Sheet1,171 | 224 | 127 | 204 | 142
395,Shoer - Awaken Handshower Kit,Shoer - Awaken Handshower Kit,Shoer - Awaken Handshower Kit,,ea,ea,Product Library | Raw Records | Product Master | Raw Extract | Product Occurrences | Sheet1,172 | 49 | 128 | 229 | 38 | 54 | 50
396,Grab Bar,Grab Bar,0.0 Grab Bar  https://www.homedepot.com/p/KOHLER-Rubicon-9-in-Grab-Bar-in-Vibrant-Brushed-Nickel-K-R27240-BN/312230844 K-R27240-BN 45.52995 Ferguson  0.0 Left on office,Grab Bar -BN 45.52995 Left on office,ea,ea,Product Library | Raw Records | Product Master | Raw Extract | Sheet1,173 | 199 | 129 | 182 | 137
397,"Grab Bars 16""  Vertical at Entrance of Shower","Grab Bars 16"" Vertical at Entrance of Shower","Grab Bars 16""  Vertical at Entrance of Shower",,ea,ea,Product Library | Raw Records | Product Master | Raw Extract | Product Occurrences | Sheet1,174 | 175 | 122 | 179 | 130 | 28 | 201 | 283 | 119 | 95 | 732
398,"Grab Bar 24"" Hortizial undeer window","Grab Bar 24"" Hortizial undeer window","Grab Bar 24"" Hortizial undeer window",,ea,ea,Product Library | Raw Records | Product Master | Raw Extract | Product Occurrences | Sheet1,176 | 177 | 123 | 178 | 131 | 132 | 29 | 202 | 282 | 120 | 167 | 96 | 731
399,Shower Diverter,Shower Diverter,0.0 Shower Diverter  https://www.fergusonhome.com/kohler-k-t23509-4/s1742706?uid=4148210 K-T23509-4-CP 165.726 Ferguson 0.0,Shower Diverter -4-CP 165.726,ea,ea,Product Library | Raw Records | Product Master | Raw Extract | Sheet1,178 | 204 | 133 | 187 | 139
400,Shower Diverter Trim,Shower Diverter Trim,Shower Diverter Trim,,ea,ea,Product Library | Raw Records | Product Master | Raw Extract | Product Occurrences | Sheet1,179 | 52 | 134 | 230 | 41 | 57 | 53
401,Tub Shower Trim,Tub Shower Trim,Bathroom Plumbing  0.0 Tub Shower Trim  https://www.fergusonhome.com/kohler-k-t99763-4g/s1682561?uid=4326090 K-T99763-4G-BL 584.4630000000001 Ferguson 2026-04-10 00:00:00 0.0,Bathroom Plumbing Tub Shower Trim -4G-BL 584.4630000000001,ea,ea,Product Library | Raw Records | Product Master | Raw Extract | Sheet1,180 | 23 | 135 | 32 | 33
402,Shower  Handle Trim,Shower Handle Trim,Bathroom Plumbing  0.0 Shower  Handle Trim  https://www.fergusonhome.com/kohler-k-ts23501-4/s1756423?uid=4157321 K-TS23501-4-CP 259.633 2661.83 Ferguson 0.0,Bathroom Plumbing Shower Handle Trim -4-CP 259.633 2661.83,ea,ea,Product Library | Raw Records | Product Master | Raw Extract | Sheet1,181 | 202 | 136 | 185 | 138
403,Shower Trim,Shower Trim,Shower Trim,,ea,ea,Product Library | Raw Records | Product Master | Raw Extract | Product Occurrences | Sheet1,182 | 151 | 137 | 231 | 249 | 144 | 113
404,"Shower Head, Trim & Arm","Shower Head, Trim & Arm","0.0 Shower Head, Trim & Arm  https://www.fergusonhome.com/kohler-k-ts27392-4g/s1866401?uid=4428129 K-TS27392-4G-BN 151.69 Ferguson 0.0","Shower Head, Trim & Arm -4G-BN 151.69",ea,ea,Product Library | Raw Records | Product Master | Raw Extract | Sheet1,183 | 189 | 138 | 177 | 135
405,Shower Fixures / Trim,Shower Fixures / Trim,Shower Fixures / Trim,,ea,ea,Product Library | Raw Records | Product Master | Raw Extract | Product Occurrences | Sheet1,184 | 45 | 139 | 232 | 34 | 50 | 46
406,Sink,Sink,Sink,,ea,ea,Product Library | Raw Records | Product Master | Raw Extract | Product Occurrences | Sheet1,185 | 174 | 140 | 233 | 273 | 163 | 126
407,Faucet -Kohler Crue 1.5 GPM Single Hole Pull Down Kitchen Faucet - Includes Escutcheon,Faucet - Crue GPM Single Hole Pull Down Kitchen Faucet - Includes Escutcheon,Faucet -Kohler Crue 1.5 GPM Single Hole Pull Down Kitchen Faucet - Includes Escutcheon https://www.fergusonhome.com/kohler-k-22972/s1730973?uid=4098135 K22972 500 575.179 517.869 Ferguson  2026-04-28 00:00:00 0.0,Faucet - Crue 1.5 GPM Single Hole Pull Down Kitchen Faucet - Includes Escutcheon 500 575.179 517.869,ea,ea,Product Library | Raw Records | Product Master | Raw Extract | Sheet1,186 | 128 | 141 | 124 | 98
408,Toilet Seat,Toilet Seat,Toilet Seat,,ea,ea,Product Library | Raw Records | Product Master | Raw Extract | Product Occurrences | Sheet1,187 | 177 | 142 | 234 | 277 | 166 | 130
409,Shower Head - Combo Retro Fit,Shower Head - Combo Retro Fit,Shower Head - Combo Retro Fit,,ea,ea,Product Library | Raw Records | Product Master | Raw Extract | Product Occurrences | Sheet1,188 | 168 | 143 | 235 | 267 | 157 | 120
410,Tub Spout,Tub Spout,Tub Spout,,ea,ea,Product Library | Raw Records | Product Master | Raw Extract | Product Occurrences | Sheet1,189 | 171 | 144 | 236 | 270 | 160 | 123
411,Toilet - Santa Rosa One Piece,Toilet - Santa Rosa One Piece,Toilet - Santa Rosa One Piece,,ea,ea,Product Library | Raw Records | Product Master | Raw Extract | Product Occurrences | Sheet1,190 | 96 | 145 | 237 | 162 | 85
412,Toilet Cimarron Bowl,Toilet Cimarron Bowl,Toilet Cimarron Bowl,,ea,ea,Product Library | Raw Records | Product Master | Raw Extract | Product Occurrences | Sheet1,191 | 176 | 146 | 238 | 275 | 165 | 128
413,Faucet with Drain,Faucet with Drain,Faucet with Drain,,ea,ea,Product Library | Raw Records | Product Master | Raw Extract | Product Occurrences | Sheet1,192 | 175 | 147 | 240 | 274 | 164 | 127
414,Valve,Valve,Valve,,ea,ea,Product Library | Raw Records | Product Master | Raw Extract | Product Occurrences | Sheet1,193 | 170 | 148 | 241 | 269 | 159 | 122
415,Shower Trim,Shower Trim,Shower Trim,,ea,ea,Product Library | Raw Records | Product Master | Raw Extract | Product Occurrences | Sheet1,194 | 169 | 149 | 243 | 268 | 158 | 121
416,"Kohler 24"" Sundae Towel Bar","24"" Sundae Towel Bar","Kohler 24"" Sundae Towel Bar",,ea,ea,Product Library | Raw Records | Product Master | Raw Extract | Product Occurrences | Sheet1,229 | 180 | 179 | 285 | 284 | 168 | 131
417,"Kohler Sundae 18"" Towel bar","Sundae 18"" Towel bar","Kohler Sundae 18"" Towel bar",,ea,ea,Product Library | Raw Records | Product Master | Raw Extract | Product Occurrences | Sheet1,230 | 181 | 180 | 286 | 285 | 169 | 132
418,Kohler Sundae Toilet Paper Holder,Sundae Toilet Paper Holder,Kohler Sundae Toilet Paper Holder,,ea,ea,Product Library | Raw Records | Product Master | Raw Extract | Product Occurrences | Sheet1,231 | 182 | 181 | 287 | 286 | 170 | 133
419,(3) Hooks two for bath - one for hand towel,(3) Hooks two for bath - one for hand towel,(3) Hooks two for bath - one for hand towel,,ea,ea,Product Library | Raw Records | Product Master | Raw Extract | Product Occurrences | Sheet1,232 | 154 | 182 | 288 | 252 | 146 | 114
420,Shower Door - Swing brushed Nickel  https://www.homedepot.com/p/KOHLER-Ashan-32-36-in-W-x-70-in-H-Frameless-Pivot-Shower,Shower Door - Swing brushed Nickel,Shower Door - Swing brushed Nickel  https://www.homedepot.com/p/KOHLER-Ashan-32-36-in-W-x-70-in-H-Frameless-Pivot-Shower-Door-in-Brushed-Nickel-with-1-4-in-Thick-Crystal-Clear-Glass-R38343-6L-BNK/333388627 600 550.3325 Home Depot  0.0 0.0 0.0,Shower Door - Swing brushed Nickel 600 550.3325,ea,ea,Sheet1,237 | 166
421,Vanity Light,Vanity Light,Vanity Light,,ea,ea,Product Library | Raw Records | Product Master | Raw Extract | Product Occurrences | Sheet1,31 | 86 | 30 | 88 | 96 | 81
423,LVP Flooring Walnut Glen 24 SQ FT  https://www.homedepot.com/p/Lifeproof-Walnut-Glen-22-MIL-x-7-4-in-W-x-47-8-L-Waterpro,LVP Flooring Walnut Glen 24 SQ FT,LVP Flooring Walnut Glen 24 SQ FT  https://www.homedepot.com/p/Lifeproof-Walnut-Glen-22-MIL-x-7-4-in-W-x-47-8-L-Waterproof-Click-Lock-Luxury-Vinyl-Plank-Flooring-19-8-sqft-case-67400-500-07B47/328123953 67400.500.07B47 200 166 138.12699999999998 Home Depot  2026-03-31 00:00:00 0.0,LVP Flooring Walnut Glen 24 SQ FT 67400.500.07B47 200 166 138.12699999999998 Home Depot,ea,sqft,Sheet1,155
424,0.0 LVT Floor Tile - Dusk Cherry  https://www.homedepot.com/p/Lifeproof-Dusk-Cherry-22-MIL-x-8-7-in-W-x-48-in-L-Click-Lo,LVT Floor Tile - Dusk Cherry,0.0 LVT Floor Tile - Dusk Cherry  https://www.homedepot.com/p/Lifeproof-Dusk-Cherry-22-MIL-x-8-7-in-W-x-48-in-L-Click-Lock-Waterproof-Luxury-Vinyl-Plank-Flooring-20-1-sqft-case-I06204LP/311573441  I06204LP 193.061 Home Depot  0.0,LVT Floor Tile - Dusk Cherry 193.061,ea,ea,Sheet1,26
425,EnSuite Bath  LVP L.P. Shallowford Oak 41 SQ FT  https://www.homedepot.com/p/Lifeproof-Shallowford-Oak-22-MIL-x-8-7-in-W,EnSuite Bath LVP L.P. Shallowford Oak 41 SQ FT,EnSuite Bath  LVP L.P. Shallowford Oak 41 SQ FT  https://www.homedepot.com/p/Lifeproof-Shallowford-Oak-22-MIL-x-8-7-in-W-x-59-in-L-Click-Lock-Waterproof-Luxury-Vinyl-Plank-Flooring-25-sq-ft-case-I228133LX/327715775 I228133LX 300 160 179.45685 Home Depot  2026-03-31 00:00:00 0.0,EnSuite Bath LVP L.P. Shallowford Oak 41 SQ FT 300 160 179.45685,ea,sqft,Sheet1,173 | 69 | 734
426,LVT  LVT Flooring Pinecrest Place Oak 792 SQ FT  https://www.homedepot.com/p/Lifeproof-Pinecrest-Place-Oak-22-MIL-x-8-7-,LVT LVT Flooring Pinecrest Place Oak 792 SQ FT,LVT  LVT Flooring Pinecrest Place Oak 792 SQ FT  https://www.homedepot.com/p/Lifeproof-Pinecrest-Place-Oak-22-MIL-x-8-7-in-W-x-48-in-L-Click-Lock-Waterproof-Luxury-Vinyl-Plank-Flooring-20-1-sq-ft-case-I233111L/327716118 I233111L 3500 2512.4 3193.35335 Home Depot  2026-06-09 00:00:00,LVT LVT Flooring Pinecrest Place Oak 792 SQ FT 3500 2512.4 3193.35335,ea,sqft,Sheet1,102 | 88
427,LVP- floor https://www.homedepot.com/p/Lifeproof-Sterling-Oak-22-MIL-x-8-7-in-W-x-48-in-L-Click-Lock-Waterproof-Luxury-V,LVP- floor,LVP- floor https://www.homedepot.com/p/Lifeproof-Sterling-Oak-22-MIL-x-8-7-in-W-x-48-in-L-Click-Lock-Waterproof-Luxury-Vinyl-Plank-Flooring-20-1-sqft-case-I966106LP/309083456 Lifeproof 500 127.74 Home Depot Lou order 0.0,LVP- floor 500 127.74 Lou order,ea,ea,Sheet1,87 | 75
428,Flooring  LP - Navarra Maple 622 + 111 733 SQ FT  https://www.homedepot.com/p/Lifeproof-Navarra-Maple-22-mil-x-8-7-in-W-,Flooring LP - Navarra Maple 622 + 111 733 SQ FT,Flooring  LP - Navarra Maple 622 + 111 733 SQ FT  https://www.homedepot.com/p/Lifeproof-Navarra-Maple-22-mil-x-8-7-in-W-x-48-in-L-Click-Lock-Waterproof-Luxury-Vinyl-Plank-Flooring-20-1-sq-ft-case-IT13126L/325477212 IT13126L 2600 2515.6975249999996 4759.14 Home Depot  2026-04-23 00:00:00 0.0,Flooring LP - Navarra Maple 622 + 111 733 SQ FT 2600 2515.6975249999996 4759.14,ea,sqft,Sheet1,127 | 101
430,LVT Flooring (5),LVT Flooring (5),Hall Bath LVT LVT Flooring (5)  LifeProof SI2103090L 300 272.536 344.658 Home Depot Mountain Brook Marble,Hall Bath LVT LVT Flooring (5) 300 272.536 344.658 Mountain Brook Marble,ea,ea,John Daye 39938-CJC | Sheet1,74 | 94 | 84
431,Life Proof  Flooring - 50 SQ FT Feldstar Onxy 12x24 - (1) T-Strip EST  https://www.homedepot.com/p/Lifeproof-Feldspar-On,Life Proof Flooring - 50 SQ FT Feldstar Onxy 12x24 - (1) T-Strip EST,Life Proof  Flooring - 50 SQ FT Feldstar Onxy 12x24 - (1) T-Strip EST  https://www.homedepot.com/p/Lifeproof-Feldspar-Onyx-22-MIL-x-11-9-in-W-x-23-8-in-L-Click-Lock-Waterproof-Vinyl-Tile-Flooring-17-7-sq-ft-Case-SI992101L/331922386 SKU: 1012460766 218.81654999999998 Home Depot  0.0 2026-03-28 00:00:00,Life Proof Flooring - 50 SQ FT Feldstar Onxy 12x24 - (1) T-Strip EST SKU: 1012460766 218.81654999999998,ea,sqft,Sheet1,253 | 178
433,"Miseno Bella 1.2 GPM Widespread Bathroom Faucet with Pop-Up Drain Assembly
Model: MNO311LCP","Bella GPM Widespread Bathroom Faucet with Pop-Up Drain Assembly
Model",,,ea,ea,Product Master | Raw Extract,167 | 277
434,Valve - Moen Posi,Valve - Posi,Valve - Moen Posi,,ea,ea,Product Library | Raw Records | Product Master | Raw Extract | Product Occurrences,61 | 78 | 55 | 118 | 81
435,Shower Wall Elbow Supply,Shower Wall Elbow Supply,False Shower Wall Elbow Supply  https://www.fergusonhome.com/moen-a725/s415773?uid=1030244 A725ORB 72.776 Ferguson 2026-02-11 00:00:00 0.0,Shower Wall Elbow Supply 72.776,ea,ea,Product Library | Raw Records | Product Master | Raw Extract | Sheet1,70 | 231 | 63 | 211 | 148
436,0.0 Moen Faucet & Drain Kit   https://www.amazon.com/gp/product/B01H1SOC02/ref=ox_sc_act_title_1?smid=ATVPDKIKX0DER&th=1,Faucet & Drain Kit,0.0 Moen Faucet & Drain Kit   https://www.amazon.com/gp/product/B01H1SOC02/ref=ox_sc_act_title_1?smid=ATVPDKIKX0DER&th=1 M6802BN 209.3555 Amazon  2026-02-26 00:00:00 0.0,Faucet & Drain Kit M6802BN 209.3555 Amazon,ea,ea,Sheet1,243
437,0.0 Moen Tub Spout  https://www.amazon.com/Moen-3839BN-Rizon-Brushed-Nickel/dp/B074K731S9/ref=sr_1_4?crid=XZNZBN2CGIQ7&d,Tub Spout,0.0 Moen Tub Spout  https://www.amazon.com/Moen-3839BN-Rizon-Brushed-Nickel/dp/B074K731S9/ref=sr_1_4?crid=XZNZBN2CGIQ7&dib=eyJ2IjoiMSJ9.utzQ0UX5_wgBIDFSQOysdYhZajZDRW4ebHT3KUUv5-w.mRga2qlPaSVp3phWEq4AEg59eJ9NuKQleDuovA5je74&dib_tag=se&keywords=3839bn&qid=1772131720&s=hi&sprefix=3839bn%2Ctools%2C176&sr=1-4&th=1 M3839BN 74.681675 Amazon  2026-02-26 00:00:00 0.0,Tub Spout M3839BN 74.681675,ea,ea,Sheet1,244 | 173
438,0.0 Shower Head  https://www.amazon.com/Moen-3662EPBN-Magnetix-Six-Function-Showerhead/dp/B07979FN76?ref_=pb_hm_dp M3662,Shower Head M3662,0.0 Shower Head  https://www.amazon.com/Moen-3662EPBN-Magnetix-Six-Function-Showerhead/dp/B07979FN76?ref_=pb_hm_dp M3662EPBN 201.5182  Amazon  2026-02-26 00:00:00 0.0,Shower Head M3662EPBN 201.5182,ea,ea,Sheet1,240 | 170
439,Shower Head - Magnitic,Shower Head - Magnitic,Shower Head - Magnitic,,ea,ea,Product Library | Raw Records | Product Master | Raw Extract | Product Occurrences,26 | 110 | 24 | 84 | 188
440,0.0 Curved Shower Rod  https://www.amazon.com/Moen-DN2170BN-DN2170-Tension-Curved/dp/B0BP3S294G?ref_=pb_hm_dp MDN2170BN,Curved Shower Rod MDN2170BN,0.0 Curved Shower Rod  https://www.amazon.com/Moen-DN2170BN-DN2170-Tension-Curved/dp/B0BP3S294G?ref_=pb_hm_dp MDN2170BN 47.036 Ferguson  2026-02-26 00:00:00 0.0,Curved Shower Rod MDN2170BN 47.036 Ferguson,ea,ea,Sheet1,246 | 174
441,"T.P. Moen 7-5/8"" x 1"" Grab Bar with Integrated Tissue Holder from the Home Care Collection","T.P. 7 /8"" x 1"" Grab Bar with Integrated Tissue Holder from the Home Care Collection","0.0 T.P. Moen 7-5/8"" x 1"" Grab Bar with Integrated Tissue Holder from the Home Care Collection https://www.fergusonhome.com/moen-lr2352d/s591174?uid=1748229 LR2352DBN 64.37200000000001 Ferguson  0.0","T.P. 7-5/8"" x 1"" Grab Bar with Integrated Tissue Holder from the Home Care Collection 64.37200000000001",ea,ea,Product Library | Raw Extract | Raw Records | Product Master | Sheet1,15 | 37 | 195 | 16 | 151 | 21 | 22
442,"Powder room Faucet Moen Brantford Collection 4"" Centerset","Powder room Faucet Brantford Collection 4"" Centerset","Powder room Faucet Moen Brantford Collection 4"" Centerset",,ea,ea,Product Library | Raw Records | Product Master | Raw Extract | Product Occurrences,197 | 285 | 153 | 251 | 312
443,Shower Arm Flange,Shower Arm Flange,False Shower Arm Flange  https://www.fergusonhome.com/moen-164745/s849728?uid=2175845 M164745ORB 19.657 Ferguson 2026-02-11 00:00:00 0.0,Shower Arm Flange 19.657,ea,ea,Product Library | Raw Records | Product Master | Raw Extract | Sheet1,198 | 229 | 154 | 209 | 146
444,Shower Valve - posi temp,Shower Valve - posi temp,Shower Valve - posi temp,,ea,ea,Product Library | Raw Records | Product Master | Raw Extract | Product Occurrences | Sheet1,199 | 100 | 155 | 252 | 169 | 99 | 87
446,Shower Handheld w/Slide Bar,Shower Handheld w/Slide Bar,False Shower Handheld w/Slide Bar  https://www.fergusonhome.com/moen-3667ep/s870602?uid=2223440 M3667EPORB 535.502 Ferguson 2026-02-11 00:00:00 0.0,Shower Handheld w/Slide Bar 535.502,ea,ea,Product Library | Raw Records | Product Master | Raw Extract | Sheet1,201 | 230 | 157 | 210 | 147
447,Moen Tub Spout,Tub Spout,,,ea,ea,Product Library | Raw Records | Product Master | Raw Extract,203 | 271 | 159
448,Shower Valve,Shower Valve,Brushed Nickel  0.0 Shower Valve  https://www.fergusonhome.com/moen-62370/s283533?uid=268103 M62370 135.63 Ferguson  2026-02-26 00:00:00 0.0,Brushed Nickel Shower Valve 135.63,ea,ea,Product Library | Raw Records | Product Master | Raw Extract | Sheet1,204 | 264 | 160 | 239 | 169
449,Moen Faucet & Drain Kit,Faucet & Drain Kit,0.0 Moen Faucet & Drain Kit   https://www.amazon.com/gp/product/B01H1SOC02/ref=ox_sc_act_title_1?smid=ATVPDKIKX0DER&th=1 M6802BN 209.3555 Amazon  2026-02-26 00:00:00 0.0,Faucet & Drain Kit 209.3555,ea,ea,Product Library | Raw Records | Product Master | Raw Extract | Sheet1,205 | 270 | 161 | 172
450,Faucet - Moen,Faucet,Faucet - Moen,,ea,ea,Product Library | Raw Records | Product Master | Raw Extract | Product Occurrences | Sheet1,206 | 36 | 162 | 254 | 24 | 45 | 44
451,(2) Faucet Valves,(2) Faucet Valves,False (2) Faucet Valves  https://www.fergusonhome.com/moen-9000/s373576?uid=112916 M9000 254.232 Ferguson 2026-02-11 00:00:00 0.0,(2) Faucet Valves 254.232,ea,ea,Product Library | Raw Records | Product Master | Raw Extract | Sheet1,207 | 236 | 163 | 216 | 151
452,Bath Tub Rough In,Bath Tub Rough In,False Bath Tub Rough In  https://www.fergusonhome.com/moen-9792/s763099?uid=1958615 M9792 333.04699999999997 Ferguson 2026-02-11 00:00:00 0.0,Bath Tub Rough In 333.04699999999997,ea,ea,Product Library | Raw Records | Product Master | Raw Extract | Sheet1,208 | 238 | 164 | 218 | 153
453,Shower Vacuum Breaker,Shower Vacuum Breaker,False Shower Vacuum Breaker  https://www.fergusonhome.com/moen-a714/s412862?uid=1030219 MA714ORB 161.54600000000002 Ferguson 2026-02-11 00:00:00 0.0,Shower Vacuum Breaker 161.54600000000002,ea,ea,Product Library | Raw Records | Product Master | Raw Extract | Sheet1,209 | 232 | 165 | 212 | 149
455,"Grab Bar 18"" Vertical Moen Home Care","Grab Bar 18"" Vertical Home Care","Grab Bar 18"" Vertical Moen Home Care",,ea,ea,Product Library | Raw Records | Product Master | Raw Extract | Product Occurrences | Sheet1,212 | 54 | 168 | 272 | 43 | 59 | 55
456,Shower Arm,Shower Arm,0.0 Shower Arm  https://www.fergusonhome.com/moen-s122/s684052?uid=1757793 MS122BN  96.382 Ferguson 2026-02-26 00:00:00 0.0,Shower Arm 96.382,ea,ea,Product Library | Raw Records | Product Master | Raw Extract | Sheet1,214 | 266 | 170 | 241 | 171
457,Shower Head,Shower Head,False Shower Head  https://www.fergusonhome.com/moen-s6365ep/s763030?uid=1958815&searchId=5gAx2sQ1dd MS6365EPORB 338.569 Ferguson 2026-02-11 00:00:00 0.0,Shower Head 338.569,ea,ea,Product Library | Raw Records | Product Master | Raw Extract | Sheet1,215 | 227 | 171 | 207 | 145
459,Shower Trim - Chrome,Shower Trim - Chrome,Shower Trim - Chrome,,ea,ea,Product Library | Raw Records | Product Master | Raw Extract | Product Occurrences | Sheet1,218 | 99 | 174 | 274 | 168 | 98 | 86
460,(2) Faucet & Drain Kit,(2) Faucet & Drain Kit,False (2) Faucet & Drain Kit   https://www.fergusonhome.com/moen-t6905/s763153?uid=1958854 MT6905ORB 1029.358 Ferguson 2026-02-11 00:00:00 0.0,(2) Faucet & Drain Kit 1029.358,ea,ea,Product Library | Raw Records | Product Master | Raw Extract | Sheet1,219 | 235 | 175 | 215 | 150
461,"Grab Bar 18"" Moen","Grab Bar 18""","Grab Bar 18"" Moen",,ea,ea,Product Library | Raw Records | Product Master | Raw Extract | Product Occurrences | Sheet1,233 | 83 | 183 | 289 | 87 | 78 | 68
462,Shower Arm & Flange Moen,Shower Arm & Flange,Shower Arm & Flange Moen,,ea,ea,Product Library | Raw Records | Product Master | Raw Extract | Product Occurrences | Sheet1,236 | 109 | 186 | 292 | 187 | 107 | 89
463,"Shower Head, Trim, &  Tub Spout","Shower Head, Trim, & Tub Spout","Shower Head, Trim, &  Tub Spout",,ea,ea,Product Library | Raw Records | Product Master | Raw Extract | Product Occurrences | Sheet1,248 | 77 | 196 | 319 | 80 | 73 | 65
464,T2151BN,T2151BN,"Shower Trim Moen, Brantford  T2151BN https://www.fergusonhome.com/moen-t2151/s720278?uid=1030356 109.351 Ferguson  0.0 0.0 0.0","Shower Trim , Brantford 109.351",ea,ea,Product Master | Raw Extract | Sheet1,197 | 256 | 232 | 163
465,Bathroom Plumbing  0.0 Shower Handle Trim  https://www.amazon.com/Moen-T2181BN-Dartmoor-Posi-Temp-Faucet/dp/B01M4QHPQS?r,Bathroom Plumbing Shower Handle Trim,Bathroom Plumbing  0.0 Shower Handle Trim  https://www.amazon.com/Moen-T2181BN-Dartmoor-Posi-Temp-Faucet/dp/B01M4QHPQS?ref_=pb_hm_dp&th=1 MT2181BN 1200 102.826675 Amazon  2026-02-26 00:00:00 0.0,Bathroom Plumbing Shower Handle Trim MT2181BN 1200 102.826675,ea,ea,Sheet1,238 | 168
466,Shower Trim Moen,Shower Trim,Shower Trim Moen,,ea,ea,Product Library | Raw Records | Product Master | Raw Extract | Product Occurrences | Sheet1,249 | 111 | 198 | 320 | 189 | 109 | 90
467,"Shower , Trim & Arm Moen Gibson Shower Only Trim Package Shower Head","Shower , Trim & Arm Gibson Shower Only Trim Package Shower Head","0.0 Shower , Trim & Arm Moen Gibson Shower Only Trim Package Shower Head https://www.fergusonhome.com/moen-t2902nh/s1434096?uid=3882442 T2902NHBN 100.13300000000001 Ferguson  0.0","Shower , Trim & Arm Gibson Shower Only Trim Package Shower Head 100.13300000000001",ea,ea,Product Library | Raw Extract | Raw Records | Product Master | Sheet1,17 | 20 | 250 | 2 | 199 | 7 | 12
468,Moen Gibson Tub /Shower Trims,Gibson Tub /Shower Trims,Moen Gibson Tub /Shower Trims  https://www.fergusonhome.com/moen-t2903nh/s1434099?uid=3882444 Ferguson  T2903NHBN 0.0 0.0 2025-07-25 00:00:00 1.0 0.0,Gibson Tub /Shower Trims 1.0,ea,ea,Product Master | Raw Extract | Sheet1,200 | 288 | 304 | 241
469,Bath Tub Faucet with Handheld,Bath Tub Faucet with Handheld,False Bath Tub Faucet with Handheld  https://www.fergusonhome.com/moen-t694/s763076?uid=1958863 T694ORB 1309.7040000000002 Ferguson 2026-02-11 00:00:00 0.0,Bath Tub Faucet with Handheld 1309.7040000000002,ea,ea,Product Library | Raw Records | Product Master | Raw Extract | Sheet1,251 | 237 | 201 | 217 | 152
470,"Faucet 8""","Faucet 8""","Faucet 8""",,ea,ea,Product Library | Raw Records | Product Master | Raw Extract | Product Occurrences | Sheet1,253 | 120 | 203 | 329 | 198 | 117 | 93
471,Shower Valve,Shower Valve,Bathroom Plumbing  False Shower Valve  https://www.fergusonhome.com/moen-u232cis/s1736897?uid=4123792 U232CIS 200.91500000000002 Ferguson 2026-02-11 00:00:00 0.0,Bathroom Plumbing Shower Valve 200.91500000000002,ea,ea,Product Library | Raw Records | Product Master | Raw Extract | Sheet1,255 | 226 | 204 | 206 | 144
472,Shower Double Handle Trim,Shower Double Handle Trim,False Shower Double Handle Trim  https://www.fergusonhome.com/moen-ut3611/s1740482?uid=4114270 UT36111ORB 404.745 Ferguson 2026-02-11 00:00:00 0.0,Shower Double Handle Trim 404.745,ea,ea,Product Library | Raw Records | Product Master | Raw Extract | Sheet1,260 | 225 | 208 | 205 | 143
473,"Powder room Faucet Moen Brantford Collection 4"" Centerset https://www.fergusonhome.com/moen-66610/s296425?uid=1234366&se","Powder room Faucet Brantford Collection 4"" Centerset","Powder room Faucet Moen Brantford Collection 4"" Centerset https://www.fergusonhome.com/moen-66610/s296425?uid=1234366&searchId=0ydq3X01TC M-66610 131.274 Ferguson  131.27 0.0 2026-04-01 00:00:00","Powder room Faucet Brantford Collection 4"" Centerset M-66610 131.274 Ferguson 131.27",ea,ea,Sheet1,255
474,Moen Voss Robe Hooks -2,Voss Robe Hooks -2,False Moen Voss Robe Hooks -2 https://www.fergusonhome.com/moen-yb5103/s763078?uid=1958880 YB5103ORB 96.95400000000001 Ferguson  2026-02-11 00:00:00 1.0 Left on office,Voss Robe Hooks -2 96.95400000000001 1.0 Left on office,ea,ea,Product Library | Raw Records | Product Master | Raw Extract | Sheet1,267 | 251 | 215 | 228 | 160
475,Moen Voss Toilet Paper Holder,Voss Toilet Paper Holder,False Moen Voss Toilet Paper Holder  https://www.fergusonhome.com/moen-yb5108/s763156?uid=1958883 YB5108ORB 57.079 Ferguson  2026-02-11 00:00:00 1.0,Voss Toilet Paper Holder 57.079 1.0,ea,ea,Product Library | Raw Records | Product Master | Raw Extract | Sheet1,268 | 253 | 216 | 230 | 162
476,"Moen Voss 24"" Towel Bar 2","Voss 24"" Towel Bar 2","False Moen Voss 24"" Towel Bar 2  https://www.fergusonhome.com/moen-yb5124/s763111?uid=1958889 YB5124ORB 145.948 Ferguson  2026-02-11 00:00:00 1.0 Noted Judy Picked up","Voss 24"" Towel Bar 2 145.948 1.0 Noted Judy Picked up",ea,ea,Product Library | Raw Records | Product Master | Raw Extract | Sheet1,269 | 250 | 217 | 227 | 159
477,Moen Voss Towel Ring -2,Voss Towel Ring -2,False Moen Voss Towel Ring -2 https://www.fergusonhome.com/moen-yb5186/s763112?uid=1958895 YB5186ORB 95.7 Ferguson  2026-02-11 00:00:00 1.0 Counter,Voss Towel Ring -2 95.7 1.0 Counter,ea,ea,Product Library | Raw Records | Product Master | Raw Extract | Sheet1,270 | 252 | 218 | 229 | 161
478,"Grab Bar 18"" Vertical","Grab Bar 18"" Vertical","0.0 Grab Bar 18"" Vertical  https://www.fergusonhome.com/moen-yg0418/s1084794?uid=2709208 YG0418BN 144.19 Ferguson  0.0","Grab Bar 18"" Vertical 144.19",ea,ea,Product Library | Raw Extract | Raw Records | Product Master | Sheet1,18 | 35 | 271 | 14 | 219 | 19 | 20
479,"Grab Bar 36"" Hortizal","Grab Bar 36"" Hortizal","0.0 Grab Bar 36"" Hortizal https://www.fergusonhome.com/moen-yg0436/s1084795?uid=2709209 YG0436BN 188.88100000000003 Ferguson  0.0","Grab Bar 36"" Hortizal 188.88100000000003",ea,ea,Product Library | Raw Extract | Raw Records | Product Master | Sheet1,19 | 36 | 272 | 15 | 220 | 20 | 21
481,Shower Wall Tile 93 sq ft MSI Veneto White Matte 12x24,Shower Wall Tile 93 sq ft Veneto White Matte 12x24,,,ea,sqft,Product Master | Raw Extract,177 | 116
483,2025-10-24 00:00:00 Panasonic 100 CFM 0.9 Sone Ceiling Mounted HVI Certified Exhaust Fan https://www.fergusonhome.com/pa,100 CFM Sone Ceiling Mounted HVI Certified Exhaust Fan,2025-10-24 00:00:00 Panasonic 100 CFM 0.9 Sone Ceiling Mounted HVI Certified Exhaust Fan https://www.fergusonhome.com/panasonic-fv-0510vs1/s1286588?uid=3162516 Service Plus  92 Model # BLMC2432,100 CFM 0.9 Sone Ceiling Mounted HVI Certified Exhaust Fan Service Plus 92 Model #,ea,ea,Sheet1,9
484,Exhaust Fan  https://www.fergusonhome.com/panasonic-fv-0510vsl1/s1367152?uid=32174+C1466 FV-0510VSL1 Service Plus per Lo,Exhaust Fan FV-0510VSL1 Service Plus per Lo,Exhaust Fan  https://www.fergusonhome.com/panasonic-fv-0510vsl1/s1367152?uid=32174+C1466 FV-0510VSL1 Service Plus per Lou  0.0,Exhaust Fan FV-0510VSL1 Service Plus per Lou,ea,ea,Sheet1,85 | 74 | 570
485,Panasonic 100 CFM 0.9 Sone Ceiling Mounted HVI Certified Exhaust Fan,100 CFM Sone Ceiling Mounted HVI Certified Exhaust Fan,Exhaust Fan,Exhaust Fan,ea,ea,Product Library | Raw Extract | Raw Records | Product Master | Product Occurrences,9 | 44 | 102 | 103 | 104 | 21 | 58 | 106 | 146 | 221 | 282 | 76 | 5 | 47 | 176 | 244 | 309
486,(1) Bath Exhusted Fan  w/Light,(1) Bath Exhusted Fan w/Light,Exhaust Fan,Exhaust Fan,ea,ea,Product Library | Raw Records | Product Master | Raw Extract | Product Occurrences,105 | 106 | 107 | 108 | 91 | 97 | 124 | 222 | 274 | 77 | 78 | 14 | 102 | 163 | 203
489,2025-10-24 00:00:00 Panasonic 100 CFM 0.9 Sone Ceiling Mounted HVI Certified Exhaust Fan https://www.fergusonhome.com/pa,100 CFM Sone Ceiling Mounted HVI Certified Exhaust Fan,2025-10-24 00:00:00 Panasonic 100 CFM 0.9 Sone Ceiling Mounted HVI Certified Exhaust Fan https://www.fergusonhome.com/panasonic-fv-0510vs1/s1286588?uid=3162516 Service Plus  92 Model # BLMC2432,100 CFM 0.9 Sone Ceiling Mounted HVI Certified Exhaust Fan Service Plus 92 Model # BLMC2432,ea,ea,Sheet1,4
490,Kitchen Kitchen Sink Ruvati RVH8350 600 603.9000000000001 Ferguson 2026-06-02 00:00:00 Final,Kitchen Kitchen Sink 600 Final,Kitchen Kitchen Sink Ruvati RVH8350 600 603.9000000000001 Ferguson 2026-06-02 00:00:00 Final,Kitchen Kitchen Sink 600 603.9000000000001 Final,ea,ea,Sheet1,28
491,Sink -  https://www.fergusonhome.com/ruvati-rvm4350/s1437586?uid=3385574 RVM4350 500 319.03299999999996 307.197 Ferguson,Sink 500,Sink -  https://www.fergusonhome.com/ruvati-rvm4350/s1437586?uid=3385574 RVM4350 500 319.03299999999996 307.197 Ferguson  2026-04-28 00:00:00 0.0,Sink 500 319.03299999999996 307.197,ea,ea,Sheet1,123 | 97
492,Schulter Edging 32 Linear Ft = 9 pieces,Schulter Edging 32 Linear Ft = 9 pieces,,,ea,lnft,Product Library | Raw Records,68 | 245
493,Schluter edge is A100TSC texture beige 10' (4) or (6) 8',edge is texture beige 10' (4) or (6) 8',Schluter edge is A100TSC texture beige 10' (4) or (6) 8',,ea,ea,Product Library | Raw Records | Product Master | Product Occurrences,69 | 164 | 124 | 262
503,Toliets  (3) Toilets - 3 Toto/Seat Included  $477.99 3 PC  https://www.fergusonhome.com/toto-ms776124csfg/s1797886?uid=4,Toliets (3) Toilets - 3 /Seat Included $ 3 PC,Toliets  (3) Toilets - 3 Toto/Seat Included  $477.99 3 PC  https://www.fergusonhome.com/toto-ms776124csfg/s1797886?uid=4250648 MS776124CSFG#01 1350 1481.8 1420.683 Ferguson  2026-04-28 00:00:00 0.0,Toliets (3) Toilets - 3 /Seat Included $477.99 3 PC #01 1350 1481.8 1420.683,ea,ea,Sheet1,102
504,**Add On Toilet  False *** Toto Toilet Add-On https://www.fergusonhome.com/toto-mw6424736cefga/s1931975?uid=4565624 TCST,**Add On Toilet Toilet Add-On TCST,**Add On Toilet  False *** Toto Toilet Add-On https://www.fergusonhome.com/toto-mw6424736cefga/s1931975?uid=4565624 TCST642CEFGAT4001 1432.5629999999999 Ferguson 2026-02-11 00:00:00 0.0,**Add On Toilet Toilet Add-On 1432.5629999999999,ea,ea,Sheet1,154
