reason,name,modelNumber,manufacturer,vendor,description,category,unit,tier,collection,color,finish,price,productUrl,imageUrl,sourceWorkbook,sourceSheet,sourceRow,confidence
missing_manufacturer,"Vanity Lights Bryant 40 1/2"" wide 5-light & Blubs",#062E6,,,,Lighting,ea,,,,,374.11,https://www.lampsplus.com/p/bryant-40-and-one-half-inch-wide-chrome-5-light-vanity-bath-light__062e6/,,Product_Master_Enhanced.xlsx | Product_Master_Refined.xlsx | Product_Master_Warehouse.xlsx,Product Library | Raw Records | Product Master | Raw Extract | Product Occurrences,2 | 284 | 54 | 311,high
missing_manufacturer,Shower Handheld Slide Bar,155746BG,,,,,ea,,,,,343.35,,,Product_Master_Audit_Pass.xlsx,Product_Occurrences | Product_Master,619 | 591,high
missing_manufacturer,Stefan 3-Light Bath Vanity Satin Nickel,210P3,,Idlewood ordered,,Uncategorized,ea,,,,Nickel,63.67,https://www.lampsplus.com/p/stefan-3-light-bath-vanity-satin-nickel__210p3/,,Product_Master_Catalog_v3.xlsx | Product_Master_Enhanced.xlsx | Product_Master_Extract.xlsx | Product_Master_Refined.xlsx,Product Library | Raw Extract | Raw Records | Sheet1 | Product Master,3 | 43 | 25 | 20 | 23,high
missing_manufacturer,Shower Head,3638BG,,,,,ea,,,,,185.76,,,Product_Master_Audit_Pass.xlsx,Product_Occurrences | Product_Master,616 | 588,high
missing_manufacturer,464 SQ FT,464SQFT,,,,,sqft,,,,,2448.16,https://www.maslandcarpets.com/products/masland-carpets-in-mesa-bella?variant=40380042510390,,Product_Master_Refined.xlsx,Product Master | Raw Extract,46 | 134,high
missing_manufacturer,Carpet & Padding,464SQFT,,,,,sqft,,,,,2583.00,https://www.maslandcarpets.com/products/masland-carpets-in-mesa-bella?variant=40380042510390,,Product_Master_Audit_Pass.xlsx,Product_Occurrences | Product_Master,349 | 334,high
missing_manufacturer,Delta Hand Shower Wall Supply Elbow,50560-CZ,,Ferguson,,,ea,,,,,,,,,John Daye 39938-CJC,10,medium
missing_manufacturer,Delta GPM Hand Shower Package with Touch-Clean® Technology - Limited Lifetime Warranty,57014-CZ,,Ferguson,,,ea,,,,,,,,,John Daye 39938-CJC,11,medium
missing_manufacturer,"Happy Floors, Cipriani - 12"" x 24""",7450-E,,,,Tile,ea,,,,,525.98,https://happy-floors.com/products/happy-floors-cipriani?variant=45938826051738,,Product_Master_Enhanced.xlsx | Product_Master_Refined.xlsx | Product_Master_Warehouse.xlsx,Product Library | Raw Records | Product Master | Raw Extract | Product Occurrences,57 | 137 | 52 | 113 | 231,high
missing_manufacturer,Shower Rod Mounted - brushed Nickel,829C,,Ferguson,,Shower,ea,,,,Nickel,125.65,https://www.fergusonhome.com/gatco-829/s1808424?uid=4294657,,Product_Master_Enhanced.xlsx | Product_Master_Refined.xlsx | Product_Master_Warehouse.xlsx,Product Library | Raw Records | Product Master | Raw Extract | Product Occurrences,59 | 84 | 53 | 117 | 88,high
missing_manufacturer,Schulter Edging 32 Linear Ft = 9 pieces,A100ABGB,,ProSource,Schulter Edging 32 Linear Ft = 9 pieces w/tile,Flooring,lnft,,,,,0.00,https://www.schluter.com/schluter-us/en_US/Profiles/For-Floors/Same-height-Transitions/Schluter%C2%AE-SCHIENE/p/A100ABGB?siteName=schluter.com&siteUid=schluter-us,,compiled_products_db.xlsx | normalized_products_db.xlsx | normalized_products_db_v2.xlsx | normalized_products_db_v2_cleaned_v3.xlsx | Product_Master_Refined.xlsx,Sheet1 | Product Master | Raw Extract,223 | 158 | 61 | 245,high
missing_manufacturer,Schluter edge is texture beige 10' (4) or (6) 8',A100TSC,,ProSource,Schluter edge is texture beige 10' (4) or (6) 8' 173.778 141.768,Flooring,ea,,,beige,,141.77,https://www.schluter.com/schluter-us/en_US/Profiles/For-Floors/Same-height-Transitions/Schluter%C2%AE-SCHIENE/p/A100TSC?siteUid=schluter-us&siteName=schluter.com,,Product_Master_Refined.xlsx | compiled_products_db.xlsx | normalized_products_db.xlsx | normalized_products_db_v2.xlsx | normalized_products_db_v2_cleaned_v3.xlsx,Product Master | Raw Extract | Sheet1,62 | 164 | 153 | 119,high
missing_manufacturer,Shower Wall Elbow,A725BG,,Ferguson,Shower Wall Elbow 66.55 1.0,Plumbing,ea,,,,,66.55,,,Product_Master_Audit_Pass.xlsx | normalized_products_db.xlsx | normalized_products_db_v2.xlsx | normalized_products_db_v2_cleaned_v3.xlsx,Product_Occurrences | Product_Master | Sheet1,620 | 592 | 190,high
missing_manufacturer,Shower El,A725BN,,Ferguson,Shower El 65.538 1.0,Plumbing,ea,,,,,65.54,,,Product_Master_Audit_Pass.xlsx | normalized_products_db.xlsx | normalized_products_db_v2.xlsx | normalized_products_db_v2_cleaned_v3.xlsx,Product_Occurrences | Product_Master | Sheet1,681 | 652 | 215,high
missing_manufacturer,Schulter Edging 32' Griege,A80TSBG,,,Schulter Edging 32' Griege 160 ProSource,,ea,,,,,0.00,https://www.schluter.com/schluter-us/en_US/Profiles/For-Floors/Same-height-Transitions/Schluter%C2%AE-SCHIENE/p/A80TSBG,,compiled_products_db.xlsx,Sheet1,116,high
missing_manufacturer,Pendant Lights,ATHENSDECOSWIRLPENDANTQTY2,,Idlewood,Athens Deco Swirl Pendant Qty 2,Kitchen,ea,,,,,291.64,,,,Gapinske Jane 40097-LNC  6.19.2,10,medium
missing_manufacturer,Mounted Shower Rod 0.,B0014XAPZC,,Amazon,Mounted Shower Rod 67.198857 67.2,Plumbing,ea,,,,,67.20,https://www.amazon.com/Zenna-Home-648SS-Builder-Curtain/dp/B0014XAPZC?th=1,,compiled_products_db.xlsx | normalized_products_db.xlsx | normalized_products_db_v2.xlsx | normalized_products_db_v2_cleaned_v3.xlsx,Sheet1,249 | 177,high
missing_manufacturer,Bath Tub Drain - Match finishes,B0F6PZTBN,,Ferguson,,,ea,,,,,,https://www.fergusonhome.com/jones-stephens-b0f16pztbn/s2054315?uid=4932875,,Product_Master_Enhanced.xlsx,Product Library | Raw Records,72 | 268,high
missing_manufacturer,Bath Tub Drain - Match finishes,B0PZLMB,,Ferguson,,,ea,,,,,,https://www.fergusonhome.com/jones-stephens-b0pzlmb/s2054351?uid=4932885,,Product_Master_Enhanced.xlsx,Product Library | Raw Records,73 | 25,high
missing_manufacturer,Tub Drain Kit,B2S24PZLCP,,Ferguson,,Tub,ea,,,,,49.09,https://www.fergusonhome.com/jones-stephens-b2s24pzlcp/s2054377?uid=4932900,,Product_Master_Enhanced.xlsx | Product_Master_Warehouse.xlsx,Product Library | Raw Records | Product Master | Product Occurrences,74 | 80 | 132 | 83,high
missing_manufacturer,LVP Flooring Walnut Glen 24 SQ FT,B47,,Home Depot,,,sqft,,,,,138.13,https://www.homedepot.com/p/Lifeproof-Walnut-Glen-22-MIL-x-7-4-in-W-x-47-8-L-Waterproof-Click-Lock-Luxury-Vinyl-Plank-Flooring-19-8-sqft-case-67400-500-07B47/328123953,,Product_Master_Enhanced.xlsx | Product_Master_Refined.xlsx | Product_Master_Warehouse.xlsx,Product Library | Raw Records | Product Master | Raw Extract | Product Occurrences,54 | 166 | 51 | 106 | 265,high
missing_manufacturer,Garbage Disposal,BADGER5WC,,Ferguson,,,ea,,,,,,https://www.fergusonhome.com/insinkerator-badger-5/s434080?uid=2564868,,Product_Master_Enhanced.xlsx,Product Library | Raw Records,75 | 72 | 126,high
missing_manufacturer,Elega 24 in. W x 32 in. H Rectangular Aluminum Recessed/Wall Mount Dimmable Fogless Lighted Medicine,BLMC2432,,Home Depot,Elega 24 in. W x 32 in. H Rectangular Aluminum Recessed/Wall Mount Dimmable Fogless Lighted Medicine Cabinet with Mirror Garwood Model #,Electrical,ea,,,,,32.00,,,normalized_products_db.xlsx | normalized_products_db_v2.xlsx | normalized_products_db_v2_cleaned_v3.xlsx,Sheet1,11,high
missing_manufacturer,Amerock Blackrock 1 /8 Inch Mushroom Cabinet Knob (17),BP55272G10,,Ferguson,,Cabinetry,ea,,,,,159.14,https://www.fergusonhome.com/amerock-bp55272/s439071?uid=1315570,,Product_Master_Enhanced.xlsx | Product_Master_Refined.xlsx,Product Library | Raw Records | Product Master | Raw Extract,76 | 129 | 64,high
missing_manufacturer,Kitchen Amerock Blackrock 1 /8 Inch Mushroom Cabinet Knob (17),BP55272G10,,Ferguson,Kitchen Amerock Blackrock 1-5/8 Inch Mushroom Cabinet Knob (17) 159.137,Cabinetry,ea,,,black,black,159.14,https://www.fergusonhome.com/amerock-bp55272/s439071?uid=1315570,,compiled_products_db.xlsx | normalized_products_db.xlsx | normalized_products_db_v2.xlsx | normalized_products_db_v2_cleaned_v3.xlsx,Sheet1,125 | 99,high
missing_manufacturer,Amerock Blackrock 6 /16 Inch Center to Center Handle Cabinet Pull (5),BP55278G10,,Ferguson,Amerock Blackrock 6-5/16 Inch Center to Center Handle Cabinet Pull (5) 51.975,Cabinetry,ea,,,black,black,51.98,https://www.fergusonhome.com/amerock-bp55278/s439698?uid=1315579,,Product_Master_Enhanced.xlsx | Product_Master_Refined.xlsx | compiled_products_db.xlsx | normalized_products_db.xlsx | normalized_products_db_v2.xlsx | normalized_products_db_v2_cleaned_v3.xlsx,Product Library | Raw Records | Product Master | Raw Extract | Sheet1,77 | 130 | 65 | 126 | 100,high
missing_manufacturer,Shower Wall & Tub Deck Tile 24 X 24 TTL 328 Sq Ft,BR30,,,Shower Wall & Tub Deck Tile 24 X 24 TTL 328 Sq Ft Coastline 3000 1936.77 ProSource,,sqft,,,,,1936.77,https://www.daltile.com/products/stone-look/bryne/coastline,,compiled_products_db.xlsx,Sheet1,222,high
missing_manufacturer,Shower Base Tile 15 Sq Ft Matte Mist ProSource,BR31,,,,,sqft,,,,,0.00,https://www.daltile.com/products/stone-look/bryne/mist,,compiled_products_db.xlsx,Sheet1,221,high
missing_manufacturer,"Free Standing Combo 48"" Vanity Open bottom",C1654834543,,Wayfair,"Free Standing Combo 48"" Vanity Open bottom 1200 1926.839175 1613.38",Cabinetry,ea,,,,,1926.84,https://www.wayfair.com/home/pdp/sand-stable-carrie-48-single-bathroom-vanity-set-w002974012.html?piid=1654995866%2C1654834543,,compiled_products_db.xlsx | normalized_products_db.xlsx | normalized_products_db_v2.xlsx | normalized_products_db_v2_cleaned_v3.xlsx,Sheet1,139 | 108,high
missing_manufacturer,Cap A Treads Need: 14 Risers - 12 Treads 14 PCS,CA78096,,Home Depot,Cap A Treads Need: 14 Risers - 12 Treads 14 PCS 01D- 2200 1990.91235,Flooring,ea,,,,,1990.91,https://www.homedepot.com/p/Cap-A-Tread-2-Pack-Navarra-Maple-47-in-L-x-12-15-in-W-x-2-28-in-T-Vinyl-Overlay-Stair-Tread-and-Reversible-Riser-01D-CA78096/333401871,,compiled_products_db.xlsx | normalized_products_db.xlsx | normalized_products_db_v2.xlsx | normalized_products_db_v2_cleaned_v3.xlsx,Sheet1,132 | 103,high
missing_manufacturer,Shower Arm,CL10154BN,,Ferguson,Shower Arm 52.074000000000005 1.0,Plumbing,ea,,,,,52.07,,,Product_Master_Audit_Pass.xlsx | normalized_products_db.xlsx | normalized_products_db_v2.xlsx | normalized_products_db_v2_cleaned_v3.xlsx,Product_Occurrences | Product_Master | Sheet1,677 | 648 | 212,high
missing_manufacturer,Shower Arm Diverter Valve,CL703,,,,,ea,,,,,106.53,,,Product_Master_Audit_Pass.xlsx,Product_Occurrences | Product_Master,679 | 650,high
missing_manufacturer,Shower Arm Diverter Valve BN,CL703,,Ferguson,Shower Arm Diverter Valve BN 106.535 1.0,Plumbing,ea,,,,,0.00,,,normalized_products_db.xlsx | normalized_products_db_v2.xlsx | normalized_products_db_v2_cleaned_v3.xlsx,Sheet1,214,high
missing_manufacturer,14 PCS,D-CA78096,,Home Depot,,,ea,,,,,1990.91,https://www.homedepot.com/p/Cap-A-Tread-2-Pack-Navarra-Maple-47-in-L-x-12-15-in-W-x-2-28-in-T-Vinyl-Overlay-Stair-Tread-and-Reversible-Riser-01D-CA78096/333401871,,Product_Master_Enhanced.xlsx | Product_Master_Refined.xlsx,Product Library | Raw Records | Product Master | Raw Extract,6 | 136 | 3,high
missing_manufacturer,Tub Drain -Kingston Brass,DLL200MB,,Ferguson Home,,Tub,ea,,,,,54.44,https://www.fergusonhome.com/kingston-brass-dll20/s478717?uid=3673997,,Product_Master_Enhanced.xlsx | Product_Master_Refined.xlsx | Product_Master_Warehouse.xlsx,Product Library | Raw Records | Product Master | Raw Extract | Product Occurrences,88 | 172 | 67 | 160 | 271,high
missing_manufacturer,Tub Drain -Kingston Brass 55 54. Fer,DLL200MB,,Ferguson,Tub Drain -Kingston Brass 55 54.4428 Home,Plumbing,ea,,,,,54.44,https://www.fergusonhome.com/kingston-brass-dll20/s478717?uid=3673997,,compiled_products_db.xlsx | normalized_products_db.xlsx | normalized_products_db_v2.xlsx | normalized_products_db_v2_cleaned_v3.xlsx,Sheet1,161 | 124,high
missing_manufacturer,"DreamLine SlimLine 30"" x 60"" Shower Base with Single Threshold and Left-Side Drain",DLT-1130601,,Ferguson,,,ea,,,,,,https://www.fergusonhome.com/dreamline-dlt-1130601/s822259?uid=2121664,,Product_Master_Extract.xlsx,Sheet1,18,high
missing_manufacturer,DreamLine SlimLine Shower Drain - Brushed Nickel,DN09X02R04,,Ferguson,,,ea,,,,,,https://www.fergusonhome.com/dreamline-dn09x02r/s2086405?uid=5094657&_br_psugg_q=dreamline+shower+drain,,Product_Master_Extract.xlsx,Sheet1,19,high
missing_manufacturer,tub overflow - Kingston Brass,DTT100MB,,Ferguson Home,,Tub,ea,,,,,44.23,https://www.fergusonhome.com/kingston-brass-dtt10/s483276?uid=3674010,,Product_Master_Enhanced.xlsx | Product_Master_Refined.xlsx | Product_Master_Warehouse.xlsx,Product Library | Raw Records | Product Master | Raw Extract | Product Occurrences,97 | 173 | 73 | 169 | 272,high
missing_manufacturer,tub overflow - Kingston Brass 45 44.,DTT100MB,,Ferguson,tub overflow - Kingston Brass 45 44.226000000000006 Home,Plumbing,ea,,,,,44.23,https://www.fergusonhome.com/kingston-brass-dtt10/s483276?uid=3674010,,compiled_products_db.xlsx | normalized_products_db.xlsx | normalized_products_db_v2.xlsx | normalized_products_db_v2_cleaned_v3.xlsx,Sheet1,162 | 125,high
missing_manufacturer,"Zenna Home Medicine Cabinet 24"" x 30""",EMRA2430,,Home Depot,"Zenna Home Medicine Cabinet 24"" x 30"" 200 210.492125",Cabinetry,ea,,,,,210.49,https://www.homedepot.com/p/Zenna-Home-24-in-W-x-30-in-H-Aluminum-Frameless-Beveled-Mirror-Medicine-Cabinet-EMRA2430/207018216,,Product_Master_Enhanced.xlsx | Product_Master_Refined.xlsx | Product_Master_Warehouse.xlsx | normalized_products_db.xlsx | normalized_products_db_v2.xlsx | normalized_products_db_v2_cleaned_v3.xlsx,Product Library | Raw Records | Product Master | Raw Extract | Product Occurrences | Sheet1,100 | 183 | 75 | 173 | 287 | 134,high
missing_manufacturer,Window Master Bath Sliding windoe In Lous Estimate Endure Slider-white interior woodgrain print with,EN6000,,,Window Master Bath Sliding windoe 630.49 In Lous Estimate Endure Slider-white interior woodgrain print with Beige exterior,,ea,,,white,white,0.00,,,compiled_products_db.xlsx | normalized_products_db.xlsx | normalized_products_db_v2.xlsx | normalized_products_db_v2_cleaned_v3.xlsx,Sheet1,202 | 141,high
missing_manufacturer,Shower Wall Tile 93 sq ft MSI Veneto White Matte 12x24 NVEN,EWHI1224,,ProSource,Shower Wall Tile 93 sq ft MSI Veneto White Matte 12x24 NVENEWHI1224 1200 340,Plumbing,sqft,,,white,white,0.00,https://www.msisurfaces.com/site-search/?key=Veneto%20White,,normalized_products_db.xlsx | normalized_products_db_v2.xlsx | normalized_products_db_v2_cleaned_v3.xlsx,Sheet1,92,high
missing_manufacturer,Panasonic 100 CFM Sone Ceiling Mounted HVI Certified Exhaust Fan,FV-0510VS1,,Ferguson,,,ea,,,,,,https://www.fergusonhome.com/panasonic-fv-0510vs1/s1286588?uid=3162516,,Product_Master_Extract.xlsx,Sheet1,21,high
missing_manufacturer,Master Bathroom Electrical,FV-0511VKS3S,,,,,ea,,,,,248.60,,,Product_Master_Audit_Pass.xlsx,Product_Occurrences | Product_Master,229 | 216,high
missing_manufacturer,Hall Bathroom Electrical,FV-0511VKSL3,,,,,ea,,,,,300.88,,,Product_Master_Audit_Pass.xlsx,Product_Occurrences | Product_Master,248 | 235,high
missing_manufacturer,Master Bathroom Electrical,FV-0511VKSL3,,,,,ea,,,,,300.88,,,Product_Master_Audit_Pass.xlsx,Product_Occurrences | Product_Master,230 | 217,high
missing_manufacturer,LVT Floor Tile 226 SQ FT,FY25,,,LVT Floor Tile 226 SQ FT Foussana Limestone 1200 1149.34 1149.34 ProSource,,sqft,,,,,0.00,https://coretecfloors.com/en-us/products/coretec-tile/foussana-limestone-vv870-12252?utm_source=google&utm_medium=cpc&utm_campaign=COR_GG_Search_Branded_Design_ManualCPC_FY25&utm_term=coretec+flooring&utm_content=Cj0KCQiA7-rMBhCFARIsAKnLKtAsVMQhxxFkowZv_RorSWjShO3bcv4mF-0EqMA2jlfTAQCnQRU5ncQaAh3VEALw_wcB,,compiled_products_db.xlsx,Sheet1,179,high
missing_manufacturer,Shower Handheld,H5BG,,,,,ea,,,,,301.93,,,Product_Master_Audit_Pass.xlsx,Product_Occurrences | Product_Master,618 | 590,high
missing_manufacturer,Shower Handheld,H5BN,,,,,ea,,,,,270.84,,,Product_Master_Audit_Pass.xlsx,Product_Occurrences | Product_Master,680 | 651,high
missing_manufacturer,LVT Floor Tile - Dusk Cherry,I06204LP,,Home Depot,,Uncategorized,ea,,,,,193.06,https://www.homedepot.com/p/Lifeproof-Dusk-Cherry-22-MIL-x-8-7-in-W-x-48-in-L-Click-Lock-Waterproof-Luxury-Vinyl-Plank-Flooring-20-1-sqft-case-I06204LP/311573441,,Product_Master_Catalog_v3.xlsx | Product_Master_Enhanced.xlsx | Product_Master_Extract.xlsx | Product_Master_Refined.xlsx,Product Library | Raw Extract | Raw Records | Sheet1 | Product Master,2 | 45 | 114 | 22 | 80,high
missing_manufacturer,Flooring,I228133LX,,,,,ea,,,,,900.00,,,Product_Master_Audit_Pass.xlsx,Product_Occurrences | Product_Master,194 | 181,high
missing_manufacturer,LifeProof Shallowford Oak LVP Flooring,I228133LX,,Home Depot,,Flooring,ea,,,,,847.50,,,,"Mrozek, Dan 40214-THC",5,medium
missing_manufacturer,LVP L.P. Shallowford Oak 41 SQ FT,I228133LX,,Home Depot,,EnSuite Bath,sqft,,,,,179.46,https://www.homedepot.com/p/Lifeproof-Shallowford-Oak-22-MIL-x-8-7-in-W-x-59-in-L-Click-Lock-Waterproof-Luxury-Vinyl-Plank-Flooring-25-sq-ft-case-I228133LX/327715775,,Product_Master_Enhanced.xlsx | Product_Master_Refined.xlsx | Product_Master_Warehouse.xlsx,Product Library | Raw Records | Product Master | Raw Extract | Product Occurrences,115 | 185 | 81 | 208 | 289,high
missing_manufacturer,LVT Flooring Pinecrest Place Oak 792 SQ FT,I233111L,,Home Depot,,LVT,sqft,,,,,3193.35,https://www.homedepot.com/p/Lifeproof-Pinecrest-Place-Oak-22-MIL-x-8-7-in-W-x-48-in-L-Click-Lock-Waterproof-Luxury-Vinyl-Plank-Flooring-20-1-sq-ft-case-I233111L/327716118,,Product_Master_Enhanced.xlsx | Product_Master_Refined.xlsx | Product_Master_Warehouse.xlsx,Product Library | Raw Records | Product Master | Raw Extract | Product Occurrences,116 | 103 | 82 | 209 | 173,high
missing_manufacturer,733 SQ FT,IT13126L,,Home Depot,,,sqft,,,,,,https://www.homedepot.com/p/Lifeproof-Navarra-Maple-22-mil-x-8-7-in-W-x-48-in-L-Click-Lock-Waterproof-Luxury-Vinyl-Plank-Flooring-20-1-sq-ft-case-IT13126L/325477212,,Product_Master_Enhanced.xlsx,Product Library | Raw Records,117 | 131,high
missing_manufacturer,1 - Faucet & Drain kit (Ferguson out of stock),K-14406,,,,,ea,,,,,927.04,,,Product_Master_Audit_Pass.xlsx,Product_Occurrences | Product_Master,653 | 654 | 625 | 626,high
missing_manufacturer,1 - Faucet & Drain kit (Ferguson out of stock) -BV,K-14406,,Supply House,1 - Faucet & Drain kit (Ferguson out of stock) -BV 892.68 1.0,Plumbing,ea,,,,,0.00,,,normalized_products_db.xlsx,Sheet1,969,high
missing_manufacturer,1 - Faucet & Drain kit ( out of stock) -BV Southern Pipe,K-14406,,Ferguson,1 - Faucet & Drain kit ( out of stock) -BV 927.03625 Southern Pipe 1.0,Plumbing,ea,,,,,927.04,,,compiled_products_db.xlsx | normalized_products_db.xlsx | normalized_products_db_v2.xlsx | normalized_products_db_v2_cleaned_v3.xlsx,Sheet1,277 | 208,high
missing_manufacturer,2- Sinks,K-20000,,,,,ea,,,,,239.58,,,Product_Master_Audit_Pass.xlsx,Product_Occurrences | Product_Master,652 | 624,high
missing_manufacturer,2- Sinks -0,K-20000,,Ferguson,2- Sinks -0 239.58 1.0,Plumbing,ea,,,,,0.00,,,normalized_products_db.xlsx | normalized_products_db_v2.xlsx | normalized_products_db_v2_cleaned_v3.xlsx,Sheet1,207,high
missing_manufacturer,Sink -0 350,K-20000,,Ferguson,Sink -0 350 119.79,Plumbing,ea,,,,,0.00,,,normalized_products_db.xlsx,Sheet1,1278 | 1295,high
missing_manufacturer,Toilet Tank,K-20250,,,,,ea,,,,,214.68,,,Product_Master_Audit_Pass.xlsx,Product_Occurrences | Product_Master,655 | 627,high
missing_manufacturer,Toilet Tank -0,K-20250,,Ferguson,Toilet Tank -0 214.676 1.0,Plumbing,ea,,,,,214.68,,,compiled_products_db.xlsx | normalized_products_db.xlsx | normalized_products_db_v2.xlsx | normalized_products_db_v2_cleaned_v3.xlsx,Sheet1,278 | 209,high
missing_manufacturer,Toilet Tank,K-20450,,,,,ea,,,,,214.63,,,Product_Master_Audit_Pass.xlsx,Product_Occurrences | Product_Master,623 | 595,high
missing_manufacturer,Toilet Tank -0,K-20450,,Ferguson,Toilet Tank -0 214.632 1.0,Plumbing,ea,,,,,214.63,,,compiled_products_db.xlsx | normalized_products_db.xlsx | normalized_products_db_v2.xlsx | normalized_products_db_v2_cleaned_v3.xlsx,Sheet1,265 | 192,high
missing_manufacturer,Skirted Toilet Bowl,K-20485,,,,,ea,,,,,358.95,,,Product_Master_Audit_Pass.xlsx,Product_Occurrences | Product_Master,656 | 628,high
missing_manufacturer,Skirted Toilet Bowl -0,K-20485,,Ferguson,Skirted Toilet Bowl -0 358.952 1.0,Plumbing,ea,,,,,0.00,,,normalized_products_db.xlsx,Sheet1,970,high
missing_manufacturer,Toilet Bowl Skirted,K-20485,,,,,ea,,,,,358.95,,,Product_Master_Audit_Pass.xlsx,Product_Occurrences | Product_Master,624 | 596,high
missing_manufacturer,Toilet Bowl Skirted -0,K-20485,,Ferguson,Toilet Bowl Skirted -0 358.952 1.0,Plumbing,ea,,,,,358.95,,,compiled_products_db.xlsx | normalized_products_db.xlsx | normalized_products_db_v2.xlsx | normalized_products_db_v2_cleaned_v3.xlsx,Sheet1,266 | 193,high
missing_manufacturer,"24"" Towel Bar above Toilet",K-21953,,Ferguson,,,ea,,,,,,https://www.fergusonhome.com/kohler-k-21953/s1517173?uid=3567961,,Product_Master_Extract.xlsx,Sheet1,13,high
missing_manufacturer,Towel Bar,K-21953,,,,,ea,,,,,59.60,,,Product_Master_Audit_Pass.xlsx,Product_Occurrences | Product_Master,845 | 814,high
missing_manufacturer,Towel Bar -CP,K-21953,,Ferguson,Towel Bar -CP 59.598,Hardware,ea,,,,,59.60,,,compiled_products_db.xlsx | normalized_products_db.xlsx | normalized_products_db_v2.xlsx | normalized_products_db_v2_cleaned_v3.xlsx,Sheet1,293 | 230,high
missing_manufacturer,Toilet Paper Holder,K-21954,,,,,ea,,,,,68.01,,,Product_Master_Audit_Pass.xlsx,Product_Occurrences | Product_Master,596 | 843 | 568 | 812,high
missing_manufacturer,Toilet Paper Holder -2MB,K-21954,,Ferguson,Toilet Paper Holder -2MB 68.013 1.0,Plumbing,ea,,,,,68.01,,,compiled_products_db.xlsx | normalized_products_db.xlsx | normalized_products_db_v2.xlsx | normalized_products_db_v2_cleaned_v3.xlsx,Sheet1,260 | 183,high
missing_manufacturer,Toilet paper Holder -CP,K-21954,,Ferguson,Toilet paper Holder -CP 46.882,Plumbing,ea,,,,,46.88,,,compiled_products_db.xlsx | normalized_products_db.xlsx | normalized_products_db_v2.xlsx | normalized_products_db_v2_cleaned_v3.xlsx,Sheet1,291 | 228,high
missing_manufacturer,Towel Ring,K-21955,,,,,ea,,,,,51.00,,,Product_Master_Audit_Pass.xlsx,Product_Occurrences | Product_Master,597 | 844 | 569 | 813,high
missing_manufacturer,Towel Ring -2MB,K-21955,,Ferguson,Towel Ring -2MB 50.996 1.0,,ea,,,,,51.00,,,compiled_products_db.xlsx | normalized_products_db.xlsx | normalized_products_db_v2.xlsx | normalized_products_db_v2_cleaned_v3.xlsx,Sheet1,261 | 184,high
missing_manufacturer,Towel Ring -CP,K-21955,,Ferguson,Towel Ring -CP 35.167,,ea,,,,,35.17,,,compiled_products_db.xlsx | normalized_products_db.xlsx | normalized_products_db_v2.xlsx | normalized_products_db_v2_cleaned_v3.xlsx,Sheet1,292 | 229,high
missing_manufacturer,Faucet -4 400 Fergusson,K-22020,,,Faucet -4-CP 400 351.428 Fergusson,Plumbing,ea,,,,,351.43,,,compiled_products_db.xlsx | normalized_products_db.xlsx | normalized_products_db_v2.xlsx | normalized_products_db_v2_cleaned_v3.xlsx,Sheet1,285 | 222,high
missing_manufacturer,Faucet & Drain,K-22022,,,,,ea,,,,,350.00,,,Product_Master_Audit_Pass.xlsx,Product_Occurrences | Product_Master,594 | 566,high
missing_manufacturer,Faucet & Drain -4 350,K-22022,,Ferguson,Faucet & Drain -4-2MB 350 357.962 1.0,Plumbing,ea,,,,,357.96,,,compiled_products_db.xlsx | normalized_products_db.xlsx | normalized_products_db_v2.xlsx | normalized_products_db_v2_cleaned_v3.xlsx,Sheet1,258 | 181,high
missing_manufacturer,Faucet-Kohler Tempered GPM Single Hole Bathroom Faucet with Pop-Up Drain Assembly,K-22022,,Ferguson,,,ea,,,,,,https://www.fergusonhome.com/kohler-k-22022-4/s1515499?uid=3567943,,Product_Master_Extract.xlsx,Sheet1,9,high
missing_manufacturer,"17"" Oval Undermount Bathroom Sink",K-2209,,Ferguson,,,ea,,,,,,https://www.fergusonhome.com/kohler-k-2209/s560373?uid=220794,,Product_Master_Extract.xlsx,Sheet1,8,high
missing_manufacturer,Sink -0 300,K-2209,,Ferguson,Sink -0 300 99.19800000000001 1.0,Plumbing,ea,,,,,99.20,,,compiled_products_db.xlsx | normalized_products_db.xlsx | normalized_products_db_v2.xlsx | normalized_products_db_v2_cleaned_v3.xlsx,Sheet1,257 | 180,high
missing_manufacturer,Elbow (in kit with Ferguson Home order of handheld),K-22172,,,,,ea,,,,,,,,Product_Master_Audit_Pass.xlsx,Product_Occurrences | Product_Master,646 | 618,high
missing_manufacturer,Elbow (in kit with Home order of handheld) -BV Home,K-22172,,Ferguson,Elbow (in kit with Home order of handheld) -BV Home 1.0,,ea,,,,,1.00,,,compiled_products_db.xlsx | normalized_products_db.xlsx | normalized_products_db_v2.xlsx | normalized_products_db_v2_cleaned_v3.xlsx,Sheet1,273 | 201,high
missing_manufacturer,Hand Held backordered 1/31 reorder home Kit -BV Home 0.,K-22178,,Ferguson,Hand Held backordered 1/31 reorder home Kit 916.34 -BV 916.34 Home 1.0,,ea,,,,,916.34,,,compiled_products_db.xlsx | normalized_products_db.xlsx | normalized_products_db_v2.xlsx | normalized_products_db_v2_cleaned_v3.xlsx,Sheet1,272 | 200,high
missing_manufacturer,Shower Fixture / Head,K-23218,,,,,ea,,,,,134.37,,,Product_Master_Audit_Pass.xlsx,Product_Occurrences | Product_Master,839 | 853 | 808,high
missing_manufacturer,Shower Fixture / Head -CP,K-23218,,Ferguson,Shower Fixture / Head -CP 134.365,Plumbing,ea,,,,,134.37,,,compiled_products_db.xlsx | normalized_products_db.xlsx | normalized_products_db_v2.xlsx | normalized_products_db_v2_cleaned_v3.xlsx,Sheet1,287 | 224,high
missing_manufacturer,Shower Fixture / Head -CP 400,K-23218,,Ferguson,Shower Fixture / Head -CP 400 134.365,Plumbing,ea,,,,,0.00,,,normalized_products_db.xlsx,Sheet1,1288,high
missing_manufacturer,Grab Bar,K-24550,,,,,ea,,,,,102.23,,,Product_Master_Audit_Pass.xlsx,Product_Occurrences | Product_Master,842 | 869 | 811,high
missing_manufacturer,Grab Bar -CP,K-24550,,Ferguson,Grab Bar -CP 102.234,Hardware,ea,,,,,102.23,,,compiled_products_db.xlsx | normalized_products_db.xlsx | normalized_products_db_v2.xlsx | normalized_products_db_v2_cleaned_v3.xlsx,Sheet1,290 | 227 | 1300,high
missing_manufacturer,Mirror -BLG 400,K-26050,,Ferguson,Mirror -BLG 400 227.931 1.0,,ea,,,,,227.93,,,compiled_products_db.xlsx | normalized_products_db.xlsx | normalized_products_db_v2.xlsx | normalized_products_db_v2_cleaned_v3.xlsx,Sheet1,262 | 185,high
missing_manufacturer,Hardware Handles,K-26640,,,,,ea,,,,,61.14,,,Product_Master_Audit_Pass.xlsx,Product_Occurrences | Product_Master,591 | 563,high
missing_manufacturer,Hardware Handles -2MB,K-26640,,Ferguson,Hardware Handles -2MB 61.138 1.0,Hardware,ea,,,,,61.14,,,compiled_products_db.xlsx | normalized_products_db.xlsx | normalized_products_db_v2.xlsx | normalized_products_db_v2_cleaned_v3.xlsx,Sheet1,256 | 179,high
missing_manufacturer,Toilet Seat,K-26801,,,,,ea,,,,,58.30,,,Product_Master_Audit_Pass.xlsx,Product_Occurrences | Product_Master,625 | 657 | 597,high
missing_manufacturer,Toilet Seat -0,K-26801,,Ferguson,Toilet Seat -0 58.3 1.0,Plumbing,ea,,,,,58.30,,,compiled_products_db.xlsx | normalized_products_db.xlsx | normalized_products_db_v2.xlsx | normalized_products_db_v2_cleaned_v3.xlsx,Sheet1,267 | 194 | 971,high
missing_manufacturer,Toilet Seat Impro Round,K-26802,,Ferguson,,,ea,,,,,,https://www.fergusonhome.com/kohler-k-26802/s1921485?uid=4539318,,Product_Master_Extract.xlsx,Sheet1,6,high
missing_manufacturer,"(2) 18"" Kohler Towel Bar",K-27383,,,,,ea,,,,,88.00,https://www.amazon.com/dp/B0BHTTQC9G?ref=ppx_yo2ov_dt_b_fed_asin_title&th=1,,Product_Master_Audit_Pass.xlsx,Product_Occurrences | Product_Master,363 | 347,high
missing_manufacturer,Ferguson,K-27390,,,,,ea,,,,,,,,Product_Master_Audit_Pass.xlsx,Product_Occurrences | Product_Master,894 | 907 | 910 | 927 | 939 | 942 | 854,high
missing_manufacturer,Faucet -4 400,K-27415,,Ferguson,Faucet -4-CP 400 233.26600000000002,Plumbing,ea,,,,,233.27,,,compiled_products_db.xlsx | normalized_products_db.xlsx | normalized_products_db_v2.xlsx | normalized_products_db_v2_cleaned_v3.xlsx,Sheet1,298 | 236,high
missing_manufacturer,Shower Fixtures / Tub Spot,K-27422,,,,,ea,,,,,72.26,,,Product_Master_Audit_Pass.xlsx,Product_Occurrences | Product_Master,852 | 820,high
missing_manufacturer,Shower Fixtures / Tub Spot -CP,K-27422,,Amazon,Shower Fixtures / Tub Spot -CP 72.26,Plumbing,ea,,,,,72.26,,,compiled_products_db.xlsx | normalized_products_db.xlsx | normalized_products_db_v2.xlsx | normalized_products_db_v2_cleaned_v3.xlsx,Sheet1,294 | 232,high
missing_manufacturer,Towel Bars (3),K-27426,,,,,ea,,,,,185.16,,,Product_Master_Audit_Pass.xlsx,Product_Occurrences | Product_Master,871 | 831,high
missing_manufacturer,Towel Bars (3) -CP,K-27426,,Ferguson,Towel Bars (3) -CP 185.163,Hardware,ea,,,,,185.16,,,compiled_products_db.xlsx | normalized_products_db.xlsx | normalized_products_db_v2.xlsx | normalized_products_db_v2_cleaned_v3.xlsx,Sheet1,300 | 238,high
missing_manufacturer,Toilet paper Holder,K-27429,,,,,ea,,,,,50.83,,,Product_Master_Audit_Pass.xlsx,Product_Occurrences | Product_Master,870 | 830,high
missing_manufacturer,Toilet paper Holder -CP,K-27429,,Ferguson,Toilet paper Holder -CP 50.831,Plumbing,ea,,,,,50.83,,,compiled_products_db.xlsx | normalized_products_db.xlsx | normalized_products_db_v2.xlsx | normalized_products_db_v2_cleaned_v3.xlsx,Sheet1,299 | 237,high
missing_manufacturer,Undermount Sink Single Bowl Kohler,K-28876,,,,,ea,,,,,,,,Product_Master_Audit_Pass.xlsx,Product_Occurrences | Product_Master,792 | 761,high
missing_manufacturer,Add-on Toilet,K-30810,,,,,ea,,,,,416.90,,,Product_Master_Audit_Pass.xlsx,Product_Occurrences | Product_Master,858 | 822,high
missing_manufacturer,Add-on Toilet -0,K-30810,,Ferguson,Add-on Toilet -0 416.9,Plumbing,ea,,,,,0.00,,,normalized_products_db.xlsx,Sheet1,1292,high
missing_manufacturer,Toilet -0,K-30810,,Ferguson,Toilet -0 416.9,Plumbing,ea,,,,,0.00,,,normalized_products_db.xlsx,Sheet1,1283,high
missing_manufacturer,Toilet -0 300,K-30810,,Ferguson,Toilet -0 300 416.9 1.0,Plumbing,ea,,,,,416.90,,,compiled_products_db.xlsx | normalized_products_db.xlsx | normalized_products_db_v2.xlsx | normalized_products_db_v2_cleaned_v3.xlsx,Sheet1,259 | 182,high
missing_manufacturer,Toilet Tank,K-31614,,Ferguson,,Toilet,ea,,,,,158.91,https://www.fergusonhome.com/search?term=K-31614-0,,Product_Master_Enhanced.xlsx | Product_Master_Refined.xlsx | Product_Master_Warehouse.xlsx,Product Library | Raw Records | Product Master | Raw Extract | Product Occurrences,153 | 56 | 62 | 65 | 111 | 37 | 45 | 51 | 54,high
missing_manufacturer,Toilet Tank -0,K-31614,,Ferguson,Toilet Tank -0 158.906,Plumbing,ea,,,,,158.91,https://www.fergusonhome.com/search?term=K-31614-0,,compiled_products_db.xlsx | normalized_products_db.xlsx | normalized_products_db_v2.xlsx | normalized_products_db_v2_cleaned_v3.xlsx,Sheet1,61 | 57 | 435 | 441,high
missing_manufacturer,Toilet Kohler Ciminron Round Chair Height,K-31640,,Ferguson,,,ea,,,,,,https://www.fergusonhome.com/kohler-k-31640/s1808951?uid=4283712,,Product_Master_Extract.xlsx,Sheet1,5,high
missing_manufacturer,Vanity Light,K-31757,,,,,ea,,,,,350.00,,,Product_Master_Audit_Pass.xlsx,Product_Occurrences | Product_Master,599 | 571,high
missing_manufacturer,Vanity Light -S03 350,K-31757,,Ferguson,Vanity Light -S03-2GL 350 364.518 1.0,Electrical,ea,,,,,364.52,,,compiled_products_db.xlsx | normalized_products_db.xlsx | normalized_products_db_v2.xlsx | normalized_products_db_v2_cleaned_v3.xlsx,Sheet1,263 | 186,high
missing_manufacturer,"Kohler Levity 74"" High x 59 /8"" Wide Bypass Frameless Shower Door with Clear Glass",K-706015,,Home Depot (Freight),,,ea,,,,,,https://www.fergusonhome.com/kohler-k-706015-l/s847083?uid=2180321,,Product_Master_Extract.xlsx,Sheet1,17,high
missing_manufacturer,Add on Tub (Cost in addon ),K-716,,,,,ea,,,,,0.00,,,Product_Master_Audit_Pass.xlsx,Product_Occurrences | Product_Master,859 | 823,high
missing_manufacturer,Add on Tub (Cost in addon ) -0 0,K-716,,Ferguson,,Plumbing,ea,,,,,0.00,,,compiled_products_db.xlsx | normalized_products_db.xlsx | normalized_products_db_v2.xlsx | normalized_products_db_v2_cleaned_v3.xlsx,Sheet1,296 | 234,high
missing_manufacturer,Add on Tub Drain (Cost in addon ),K-73213,,,,,ea,,,,,0.00,,,Product_Master_Audit_Pass.xlsx,Product_Occurrences | Product_Master,860 | 824,high
missing_manufacturer,Add on Tub Drain (Cost in addon ) -CP 0,K-73213,,Ferguson,,Plumbing,ea,,,,,0.00,,,compiled_products_db.xlsx | normalized_products_db.xlsx | normalized_products_db_v2.xlsx | normalized_products_db_v2_cleaned_v3.xlsx,Sheet1,297 | 235,high
missing_manufacturer,Shower Fixture / Arm,K-7397,,,,,ea,,,,,66.58,,,Product_Master_Audit_Pass.xlsx,Product_Occurrences | Product_Master,840 | 854 | 809,high
missing_manufacturer,Shower Fixture / Arm -CP,K-7397,,Ferguson,Shower Fixture / Arm -CP 66.583,Plumbing,ea,,,,,66.58,,,compiled_products_db.xlsx | normalized_products_db.xlsx | normalized_products_db_v2.xlsx | normalized_products_db_v2_cleaned_v3.xlsx,Sheet1,288 | 225 | 1289,high
missing_manufacturer,Shower Fixures / Valve,K-8304,,,,,ea,,,,,126.02,,,Product_Master_Audit_Pass.xlsx,Product_Occurrences | Product_Master,838 | 856 | 807,high
missing_manufacturer,Shower Fixures / Valve -KS,K-8304,,Ferguson,Shower Fixures / Valve -KS-NA 126.016,Plumbing,ea,,,,,0.00,,,normalized_products_db.xlsx,Sheet1,1282 | 1290,high
missing_manufacturer,Shower Valve,K-8304,,,,,ea,,,,,126.02,,,Product_Master_Audit_Pass.xlsx,Product_Occurrences | Product_Master,641 | 613,high
missing_manufacturer,Shower Valve -KS,K-8304,,Ferguson,Shower Valve -KS-NA 126.016 1.0,Plumbing,ea,,,,,126.02,,,compiled_products_db.xlsx | normalized_products_db.xlsx | normalized_products_db_v2.xlsx | normalized_products_db_v2_cleaned_v3.xlsx,Sheet1,268 | 196,high
missing_manufacturer,Shower Handheld Slide Bar,K-8524,,,,,ea,,,,,338.27,,,Product_Master_Audit_Pass.xlsx,Product_Occurrences | Product_Master,683 | 654,high
missing_manufacturer,Shower Handheld Slide Bar -BN,K-8524,,Ferguson,Shower Handheld Slide Bar -BN 338.272 1.0,Plumbing,ea,,,,,338.27,,,compiled_products_db.xlsx | normalized_products_db.xlsx | normalized_products_db_v2.xlsx | normalized_products_db_v2_cleaned_v3.xlsx,Sheet1,280 | 217,high
missing_manufacturer,Kohler Shower Base 36x34,K-8644,,,,,ea,,,,,525.28,https://www.homedepot.com/p/KOHLER-Rely-36-in-L-x-34-in-W-Alcove-Shower-Pan-Base-with-Center-Drain-in-White-K-8644-0/315752376,,Product_Master_Audit_Pass.xlsx,Product_Occurrences | Product_Master,540 | 514,high
missing_manufacturer,Kohler Shower Drain,K-9132,,,,,ea,,,,,127.52,https://www.fergusonhome.com/kohler-k-9132/s567087?uid=176032,,Product_Master_Audit_Pass.xlsx,Product_Occurrences | Product_Master,541 | 515,high
missing_manufacturer,Shower Breaker Vacuum,K-9660,,,,,ea,,,,,75.77,,,Product_Master_Audit_Pass.xlsx,Product_Occurrences | Product_Master,621 | 593,high
missing_manufacturer,Shower Breaker Vacuum -2MB,K-9660,,Ferguson,Shower Breaker Vacuum -2MB 75.768 1.0,Plumbing,ea,,,,,75.77,,,compiled_products_db.xlsx | normalized_products_db.xlsx | normalized_products_db_v2.xlsx | normalized_products_db_v2_cleaned_v3.xlsx,Sheet1,264 | 191,high
missing_manufacturer,Shower Vacumn,K-9660,,,,,ea,,,,,47.50,,,Product_Master_Audit_Pass.xlsx,Product_Occurrences | Product_Master,841 | 857 | 810,high
missing_manufacturer,Shower Vacumn -CP,K-9660,,Ferguson,Shower Vacumn -CP 47.5,Plumbing,ea,,,,,47.50,,,compiled_products_db.xlsx | normalized_products_db.xlsx | normalized_products_db_v2.xlsx | normalized_products_db_v2_cleaned_v3.xlsx,Sheet1,289 | 226 | 1291,high
missing_manufacturer,Shower Vacuum Breaker,K-9660,,,,,ea,,,,,75.77,,,Product_Master_Audit_Pass.xlsx,Product_Occurrences | Product_Master,682 | 653,high
missing_manufacturer,Shower Vacuum Breaker -BN,K-9660,,Ferguson,Shower Vacuum Breaker -BN 75.768 1.0,Plumbing,ea,,,,,75.77,,,compiled_products_db.xlsx | normalized_products_db.xlsx | normalized_products_db_v2.xlsx | normalized_products_db_v2_cleaned_v3.xlsx,Sheet1,279 | 216,high
missing_manufacturer,Vacuum Breaker,K-9660,,,,,ea,,,,,75.68,,,Product_Master_Audit_Pass.xlsx,Product_Occurrences | Product_Master,647 | 619,high
missing_manufacturer,Vacuum Breaker -BV,K-9660,,Ferguson,Vacuum Breaker -BV 75.67999999999999 1.0,,ea,,,,,75.68,,,compiled_products_db.xlsx | normalized_products_db.xlsx | normalized_products_db_v2.xlsx | normalized_products_db_v2_cleaned_v3.xlsx,Sheet1,274 | 202,high
missing_manufacturer,Tub Filler Mount,K-97339,,,,,ea,,,,,177.09,,,Product_Master_Audit_Pass.xlsx,Product_Occurrences | Product_Master,651 | 623,high
missing_manufacturer,Tub Filler Mount -NA 177. Southern Pipe,K-97339,,,Tub Filler Mount -NA 177.0937 Southern Pipe 1.0,Plumbing,ea,,,,,177.09,,,compiled_products_db.xlsx | normalized_products_db.xlsx | normalized_products_db_v2.xlsx | normalized_products_db_v2_cleaned_v3.xlsx,Sheet1,276 | 206,high
missing_manufacturer,Shower Slide Bar Trim Kit,K-974,,,,,ea,,,,,53.13,,,Product_Master_Audit_Pass.xlsx,Product_Occurrences | Product_Master,684 | 655,high
missing_manufacturer,Shower Slide Bar Trim Kit -BN,K-974,,Ferguson,Shower Slide Bar Trim Kit -BN 53.129999999999995 1.0,Plumbing,ea,,,,,53.13,,,compiled_products_db.xlsx | normalized_products_db.xlsx | normalized_products_db_v2.xlsx | normalized_products_db_v2_cleaned_v3.xlsx,Sheet1,281 | 218,high
missing_manufacturer,Diverter Trim,K-T14491,,,,,ea,,,,,286.84,,,Product_Master_Audit_Pass.xlsx,Product_Occurrences | Product_Master,643 | 615,high
missing_manufacturer,Diverter Trim -4,K-T14491,,Ferguson,Diverter Trim -4-BV 286.836 1.0,,ea,,,,,286.84,,,compiled_products_db.xlsx | normalized_products_db.xlsx | normalized_products_db_v2.xlsx | normalized_products_db_v2_cleaned_v3.xlsx,Sheet1,270 | 198,high
missing_manufacturer,Soaker Tub Filler w/Diverter,K-T97328,,,,,ea,,,,,2940.35,,,Product_Master_Audit_Pass.xlsx,Product_Occurrences | Product_Master,650 | 622,high
missing_manufacturer,Soaker Tub Filler w/Diverter -4 Southern Pipe,K-T97328,,,Soaker Tub Filler w/Diverter -4-BV 2940.35 Southern Pipe 1.0,Plumbing,ea,,,,,2940.35,,,compiled_products_db.xlsx | normalized_products_db.xlsx | normalized_products_db_v2.xlsx | normalized_products_db_v2_cleaned_v3.xlsx,Sheet1,275 | 205,high
missing_manufacturer,Shower Head & Trim,K-TS14422,,,,,ea,,,,,699.37,,,Product_Master_Audit_Pass.xlsx,Product_Occurrences | Product_Master,642 | 614,high
missing_manufacturer,Shower Head & Trim -4 Southern Pipe,K-TS14422,,,Shower Head & Trim -4-BV 699.3689999999999 Southern Pipe 1.0,Plumbing,ea,,,,,699.37,,,compiled_products_db.xlsx | normalized_products_db.xlsx | normalized_products_db_v2.xlsx | normalized_products_db_v2_cleaned_v3.xlsx,Sheet1,269 | 197,high
missing_manufacturer,Shower Trim,K-TS23954,,,,,ea,,,,,160.25,,,Product_Master_Audit_Pass.xlsx,Product_Occurrences | Product_Master,855 | 821,high
missing_manufacturer,Shower Trim -CP,K-TS23954,,Ferguson,Shower Trim -CP 160.24800000000002,Plumbing,ea,,,,,160.25,,,compiled_products_db.xlsx | normalized_products_db.xlsx | normalized_products_db_v2.xlsx | normalized_products_db_v2_cleaned_v3.xlsx,Sheet1,295 | 233,high
missing_manufacturer,Shower Fixures / Trim,K-TS24617,,,,,ea,,,,,400.00,,,Product_Master_Audit_Pass.xlsx,Product_Occurrences | Product_Master,837 | 806,high
missing_manufacturer,Shower Fixures / Trim -4 400,K-TS24617,,Ferguson,Shower Fixures / Trim -4-CP 400 108.02000000000001,Plumbing,ea,,,,,108.02,,,compiled_products_db.xlsx | normalized_products_db.xlsx | normalized_products_db_v2.xlsx | normalized_products_db_v2_cleaned_v3.xlsx,Sheet1,286 | 223,high
missing_manufacturer,Toilet left Lever - to match,K21265,,,,,ea,,,,,75.04,,,Product_Master_Audit_Pass.xlsx,Product_Occurrences | Product_Master,658 | 629,high
missing_manufacturer,Toilet left Lever - to match -L,K21265,,Ferguson,Toilet left Lever - to match -L-BV 75.04 1.0,Plumbing,ea,,,,,0.00,,,normalized_products_db.xlsx | normalized_products_db_v2.xlsx | normalized_products_db_v2_cleaned_v3.xlsx,Sheet1,210,high
missing_manufacturer,Toilet Cimarron Tank,K31614,,,,Toilet,ea,,,,,158.91,,,Product_Master_Audit_Pass.xlsx | Product_Master_Warehouse.xlsx,Product_Occurrences | Product_Master | Product Master | Product Occurrences,403 | 385 | 239 | 276,high
missing_manufacturer,Toilet Cimarron Tank _DRY,K31614,,Ferguson,Toilet Cimarron Tank K31614_DRY-0 158.906,Plumbing,ea,,,,,0.00,,,normalized_products_db.xlsx | normalized_products_db_v2.xlsx | normalized_products_db_v2_cleaned_v3.xlsx,Sheet1,129,high
missing_manufacturer,Diverter Valve,K728,,,,,ea,,,,,204.17,,,Product_Master_Audit_Pass.xlsx,Product_Occurrences | Product_Master,644 | 616,high
missing_manufacturer,Diverter Valve -K,K728,,Ferguson,Diverter Valve -K-NA 204.17100000000002 1.0,Plumbing,ea,,,,,204.17,,,compiled_products_db.xlsx | normalized_products_db.xlsx | normalized_products_db_v2.xlsx | normalized_products_db_v2_cleaned_v3.xlsx,Sheet1,271 | 199,high
missing_manufacturer,Towel Bar,KOHLERK-21952-BN,,Ferguson,Kohler K-21952-BN,Powder Room,ea,,,,,77.31,,,,Gapinske Jane 40097-LNC  6.19.2,25,medium
missing_manufacturer,Toilet Paper Holder,KOHLERK-21954-BN,,Ferguson,Kohler K-21954-BN,Powder Room,ea,,,,,63.30,,,,Gapinske Jane 40097-LNC  6.19.2,24,medium
missing_manufacturer,Kitchen Faucet,KOHLERRIVALK-30469-VS,,Ferguson,Kohler Rival K-30469-VS,Kitchen,ea,,,,,315.23,,,,Gapinske Jane 40097-LNC  6.19.2,8,medium
missing_manufacturer,Elega 24 in. W x 32 in. H Rectangular Aluminum Recessed/Wall Mount Dimmable Fogless Lighted Medicine,LMC2432,,,Elega 24 in. W x 32 in. H Rectangular Aluminum Recessed/Wall Mount Dimmable Fogless Lighted Medicine Cabinet with Mirror Home Depot Garwood Model # BLMC2432,,ea,,,,,,,,compiled_products_db.xlsx,Sheet1,6,high
missing_manufacturer,"T.P. Moen 7 /8"" x 1"" Grab Bar with Integrated Tissue Holder from the Home Care Collection",LR2352DBN,,Ferguson,,,ea,,,,,,https://www.fergusonhome.com/moen-lr2352d/s591174?uid=1748229,,Product_Master_Extract.xlsx,Sheet1,16,high
missing_manufacturer,Faucet - Single Handle,M-6903BN,,,,,ea,,,,,418.23,,,Product_Master_Audit_Pass.xlsx,Product_Occurrences | Product_Master,675 | 646,high
missing_manufacturer,2 Widespread Faucets Valves & Drains,M-9000,,,,,ea,,,,,254.23,,,Product_Master_Audit_Pass.xlsx,Product_Occurrences | Product_Master,627 | 599,high
missing_manufacturer,2 - Knobs for Cabinet,M379,,,2 - Knobs for Cabinet 20 26.39 Top Knobs,Cabinetry,ea,,,,nickel,26.39,https://www.shoptopknobs.com/product/nouveaum379/nouveaum379-1/flat-oval-1-1-2-long-oval-knob-in-brushed-satin-nickel,,Product_Master_Enhanced.xlsx | Product_Master_Refined.xlsx | Product_Master_Warehouse.xlsx | compiled_products_db.xlsx | normalized_products_db.xlsx | normalized_products_db_v2.xlsx | normalized_products_db_v2_cleaned_v3.xlsx,Product Library | Raw Records | Product Master | Raw Extract | Product Occurrences | Sheet1,202 | 140 | 158 | 253 | 236 | 136 | 105,high
missing_manufacturer,Shower Floor tile 4” x 4” Hexagon 18 SQ FT =$ USG12MH33,MH3317,,ProSource,Shower Floor tile 4” x 4” Hexagon 18 SQ FT =$627.30 USG12MH3317 730.03 690.03,Plumbing,sqft,,,,,690.03,https://www.stonepeakceramics.com/product/ikonite-walnut/,,normalized_products_db.xlsx | normalized_products_db_v2.xlsx | normalized_products_db_v2_cleaned_v3.xlsx,Sheet1,118,high
missing_manufacturer,"Trim: Pencil 1/2"" x 12"" $ Need 26 Ft RQ 4/19",ML00526,,,"Trim: Pencil 1/2"" x 12"" $14.99 Need 26 Ft 449.7 633.9000000000001 RQ 4/19",,ea,,,,,14.99,,,compiled_products_db.xlsx | normalized_products_db.xlsx | normalized_products_db_v2.xlsx | normalized_products_db_v2_cleaned_v3.xlsx,Sheet1,64 | 60,high
missing_manufacturer,Miseno Bella GPM Widespread Bathroom Faucet with Pop-Up Drain Assembly Model,MNO311LCP,,Ferguson cancelled BO til end of May,Miseno Bella 1.2 GPM Widespread Bathroom Faucet with Pop-Up Drain Assembly Model: 182.644 129.47 Ferguson cancelled BO til end of May,Faucet,ea,,,,,182.64,https://www.fergusonhome.com/miseno-mno311l/s1963380?uid=4644130,,Product_Master_Enhanced.xlsx | Product_Master_Warehouse.xlsx | compiled_products_db.xlsx | normalized_products_db.xlsx | normalized_products_db_v2.xlsx | normalized_products_db_v2_cleaned_v3.xlsx,Product Library | Raw Records | Product Master | Product Occurrences | Sheet1,211 | 277 | 259 | 303 | 248 | 176,high
missing_manufacturer,"Zenna Home Medicine Cabinet 24"" x 30""",MRA2430,,,"Zenna Home Medicine Cabinet 24"" x 30"" EMRA2430 200 210.492125 Home Depot",,ea,,,,,210.49,https://www.homedepot.com/p/Zenna-Home-24-in-W-x-30-in-H-Aluminum-Frameless-Beveled-Mirror-Medicine-Cabinet-EMRA2430/207018216,,compiled_products_db.xlsx,Sheet1,171,high
missing_manufacturer,Electric LED Lighted Mirror 450 4,MRE13636,,Ferguson,Electric LED Lighted Mirror 450 493.35 493.02,Electrical,ea,,,,,493.35,https://www.fergusonhome.com/elegant-lighting-mre13636/s1604937?uid=3829770,,compiled_products_db.xlsx | normalized_products_db.xlsx | normalized_products_db_v2.xlsx | normalized_products_db_v2_cleaned_v3.xlsx,Sheet1,141 | 110,high
missing_manufacturer,LED Lighted Mirror,MRE13636,,Ferguson,,Lighting,ea,,,,,493.02,https://www.fergusonhome.com/elegant-lighting-mre13636/s1604937?uid=3829770,,Product_Master_Enhanced.xlsx | Product_Master_Refined.xlsx | Product_Master_Warehouse.xlsx,Product Library | Raw Records | Product Master | Raw Extract | Product Occurrences,213 | 145 | 169 | 273 | 243,high
missing_manufacturer,Toliets (3) Toilets - 3 Toto/Seat Included $ 3 PC,MS776124CSFG,,,Toliets (3) Toilets - 3 Toto/Seat Included $477.99 3 PC #01 1350 1481.8 1420.683 Ferguson,,ea,,,,,477.99,https://www.fergusonhome.com/toto-ms776124csfg/s1797886?uid=4250648,,compiled_products_db.xlsx,Sheet1,131,high
missing_manufacturer,"Hall Mirror 32' x24"" Arched 2",NNH87N,,,"Hall Mirror 32' x24"" Arched 205.66 Amazon",,ea,,,,,205.66,https://www.amazon.com/dp/B0GVNNH87N?ref_=ppx_printOD_title_dt_b_fed_asin_title_0_0&th=1,,compiled_products_db.xlsx,Sheet1,105,high
missing_manufacturer,Shower Wall Tile 93 sq ft MSI Veneto White Matte 12x24,NVENEWHI1224,,,,Shower,sqft,,,,White,1200.00,https://www.msisurfaces.com/site-search/?key=Veneto%20White,,Product_Master_Audit_Pass.xlsx | Product_Master_Enhanced.xlsx | Product_Master_Warehouse.xlsx,Product_Occurrences | Product_Master | Product Library | Raw Records | Product Master | Product Occurrences,305 | 290 | 222 | 116 | 276 | 194,high
missing_manufacturer,Hardware 2 Liberty,PN0058C,,Home Depot,Hardware 2 Liberty -SN-C 4.72 4.72,Cabinetry,ea,,,,nickel,4.72,https://www.homedepot.com/p/Liberty-Mia-1-in-25-mm-Modern-Satin-Nickel-Round-Cabinet-Knob-PN0058C-SN-C/202021090,,Product_Master_Enhanced.xlsx | Product_Master_Refined.xlsx | Product_Master_Warehouse.xlsx | compiled_products_db.xlsx | normalized_products_db.xlsx | normalized_products_db_v2.xlsx | normalized_products_db_v2_cleaned_v3.xlsx,Product Library | Raw Records | Product Master | Raw Extract | Product Occurrences | Sheet1,223 | 85 | 178 | 278 | 95 | 80 | 71,high
missing_manufacturer,"Shower Feature Wall Tile 36"" 36"" Niche 10 SQ FT =",POL10MM,,,"Shower Feature Wall Tile 36"" 36"" Niche 10 SQ FT =175.50 SMOT-CECILY- 193.05 220.077 ProSource",,sqft,,,,,175.50,https://www.msisurfaces.com/natural-stone-mosaics/cecily-pattern-polished/,,compiled_products_db.xlsx,Sheet1,151,high
missing_manufacturer,"Delta Universal Mixing Rough-In Valve with Service Stops, 1/2"" NPT Male thread with 1/2"" C.W.T Female Sweat - Shower Only, No Tub Outlet",R10000,,,,,ea,,,,,77.79,,,Product_Master_Audit_Pass.xlsx,Product_Occurrences | Product_Master,225 | 212,high
missing_manufacturer,"Delta Universal Mixing Rough-In Valve with Service Stops, 1/2"" NPT Male thread with 1/2"" C.W.T Female Sweat - Shower Only, No Tub Outlet",R10000-UNWSHF,,Ferguson,,,ea,,,,,,,,,John Daye 39938-CJC,13,medium
missing_manufacturer,Delta Diverter Rough-In Valve for Delta 3 Function and 6 Function Diverter Trims,R11000,,Ferguson,,,ea,,,,,,,,,John Daye 39938-CJC,12,medium
missing_manufacturer,Kitchen Sink,RUVATIRVH8350,,Ferguson,Ruvati RVH8350,Kitchen,ea,,,,,603.90,,,,Gapinske Jane 40097-LNC  6.19.2,9,medium
missing_manufacturer,Sink Home,RVH8310,,Ferguson,Sink 1250 511.093 Home,Plumbing,ea,,,,,0.00,,,normalized_products_db.xlsx | normalized_products_db_v2.xlsx | normalized_products_db_v2_cleaned_v3.xlsx,Sheet1,220,high
missing_manufacturer,Shower Arm,S122BG,,Ferguson,Shower Arm 104.88499999999999 1.0,Plumbing,ea,,,,,104.88,,,Product_Master_Audit_Pass.xlsx | normalized_products_db.xlsx | normalized_products_db_v2.xlsx | normalized_products_db_v2_cleaned_v3.xlsx,Product_Occurrences | Product_Master | Sheet1,617 | 589 | 189,high
missing_manufacturer,Tub Drain Kit B2 Ferguson 0,S24PZLCP,,,Tub Drain Kit B2S24PZLCP 49.093 Ferguson,,ea,,,,,49.09,https://www.fergusonhome.com/jones-stephens-b2s24pzlcp/s2054377?uid=4932900,,compiled_products_db.xlsx,Sheet1,75,high
missing_manufacturer,Shower Head,S6365BN,,Ferguson,Shower Head 308.59400000000005 1.0,Plumbing,ea,,,,,308.59,,,Product_Master_Audit_Pass.xlsx | normalized_products_db.xlsx | normalized_products_db_v2.xlsx | normalized_products_db_v2_cleaned_v3.xlsx,Product_Occurrences | Product_Master | Sheet1,678 | 649 | 213,high
missing_manufacturer,Plug for the tub - 4 holes,SH131WH,,Gferguson,,Tub,ea,,,,,20.23,https://www.fergusonhome.com/search?term=SH131WH,,Product_Master_Enhanced.xlsx | Product_Master_Refined.xlsx,Product Library | Raw Records | Product Master | Raw Extract,237 | 240 | 187,high
missing_manufacturer,Tub Plug for the tub - 4 holes G,SH131WH,,Ferguson,Tub Plug for the tub - 4 holes 20.23 G,Plumbing,ea,,,,,20.23,https://www.fergusonhome.com/search?term=SH131WH,,compiled_products_db.xlsx | normalized_products_db.xlsx | normalized_products_db_v2.xlsx | normalized_products_db_v2_cleaned_v3.xlsx,Sheet1,220 | 157,high
missing_manufacturer,Soaker Tub,SH462576,,,,,ea,,,,,2056.62,,,Product_Master_Audit_Pass.xlsx,Product_Occurrences | Product_Master,648 | 620,high
missing_manufacturer,Soaker Tub .6150000000002,SH462576,,Ferguson,Soaker Tub 2056.6150000000002 1.0,Plumbing,ea,,,,,0.00,,,normalized_products_db.xlsx | normalized_products_db_v2.xlsx | normalized_products_db_v2_cleaned_v3.xlsx,Sheet1,203,high
missing_manufacturer,Soaker Tub Drain Roughin,SH653PVC,,Ferguson,Soaker Tub Drain Roughin 216.71099999999998 1.0,Plumbing,ea,,,,,216.71,,,Product_Master_Audit_Pass.xlsx | normalized_products_db.xlsx | normalized_products_db_v2.xlsx | normalized_products_db_v2_cleaned_v3.xlsx,Product_Occurrences | Product_Master | Sheet1,649 | 621 | 204,high
missing_manufacturer,Hall Bath LVT,SI2103090L,,,,,ea,,,,,300.00,,,Product_Master_Audit_Pass.xlsx,Product_Occurrences | Product_Master,258 | 245,high
missing_manufacturer,Medicine Cabinet 24 in. W x 30 in. H Rectangular with Mirror,SP4450,,Home Depot,Medicine Cabinet 24 in. W x 30 in. H Rectangular with Mirror 196.9,Cabinetry,ea,,,,,0.00,https://www.homedepot.com/p/Glacier-Bay-24-in-W-x-30-in-H-Rectangular-Medicine-Cabinet-with-Mirror-SP4450/202070551,,compiled_products_db.xlsx | normalized_products_db.xlsx | normalized_products_db_v2.xlsx | normalized_products_db_v2_cleaned_v3.xlsx | Product_Master_Catalog_v3.xlsx | Product_Master_Enhanced.xlsx | Product_Master_Extract.xlsx | Product_Master_Refined.xlsx,Sheet1 | Product Library | Raw Extract | Raw Records | Sheet1 | Product Master,17 | 18 | 22 | 32 | 246 | 12 | 194,high
missing_manufacturer,"Tile Bath Floor Tile 24"" x 24"" 38 SQ FT $ U 9",SSP2424317,,,"Tile Bath Floor Tile 24"" x 24"" 38 SQ FT $155.80 USSP2424317 950 211.38000000000002 209.71500000000003 ProSource",,sqft,,,,,155.80,https://www.stonepeakceramics.com/product/ikonite-walnut/,,compiled_products_db.xlsx,Sheet1,149,high
missing_manufacturer,"Shower Wall Tile 24"" x 48"" 95 SQ FT $ U",SSP2448317,,,"Shower Wall Tile 24"" x 48"" 95 SQ FT $432.35 USSP2448317 904.8000000000001 543.048 ProSource R 4/22",,sqft,,,,,432.35,https://www.stonepeakceramics.com/product/ikonite-walnut/,,compiled_products_db.xlsx,Sheet1,150,high
missing_manufacturer,"Delta Innovations Three Function Diverter Valve Trim Less Rough-In Valve - Two Independent Positions, One Shared Position",T11800,,,,,ea,,,,,277.40,,,Product_Master_Audit_Pass.xlsx,Product_Occurrences | Product_Master,226 | 213,high
missing_manufacturer,"Delta Innovations Three Function Diverter Valve Trim Less Rough-In Valve - Two Independent Positions, One Shared Position",T11800-CZ,,Ferguson,,,ea,,,,,,,,,John Daye 39938-CJC,14,medium
missing_manufacturer,Delta Lahara Monitor 17 Series Dual Function Pressure Balanced Shower Only with Integrated Volume Control - Less Rough-In Valve,T17238,,,,,ea,,,,,307.77,,,Product_Master_Audit_Pass.xlsx,Product_Occurrences | Product_Master,227 | 214,high
missing_manufacturer,Delta Lahara Monitor 17 Series Dual Function Pressure Balanced Shower Only with Integrated Volume Control - Less Rough-In Valve,T17238-CZ,,Ferguson,,,ea,,,,,,,,,John Daye 39938-CJC,15,medium
missing_manufacturer,"Shower Trim Moen, Brantford",T2151BN,,,,,ea,,,,,109.35,https://www.fergusonhome.com/moen-t2151/s720278?uid=1030356,,Product_Master_Audit_Pass.xlsx,Product_Occurrences | Product_Master,538 | 512,high
missing_manufacturer,"Shower , Trim & Arm Moen Gibson Shower Only Trim Package Shower Head",T2902NHBN,,Ferguson,,,ea,,,,,,https://www.fergusonhome.com/moen-t2902nh/s1434096?uid=3882442,,Product_Master_Extract.xlsx,Sheet1,2,high
missing_manufacturer,Shower Trim,T3691BN,,Ferguson,Shower Trim 373.021 1.0,Plumbing,ea,,,,,373.02,,,Product_Master_Audit_Pass.xlsx | normalized_products_db.xlsx | normalized_products_db_v2.xlsx | normalized_products_db_v2_cleaned_v3.xlsx,Product_Occurrences | Product_Master | Sheet1,676 | 647 | 211,high
missing_manufacturer,Toto Toilet Add-On,TCST642CEFGAT4001,,Ferguson,,Toilet,ea,,,,,1432.56,https://www.fergusonhome.com/toto-mw6424736cefga/s1931975?uid=4565624,,Product_Master_Enhanced.xlsx | Product_Master_Refined.xlsx,Product Library | Raw Records | Product Master | Raw Extract,252 | 239 | 202,high
missing_manufacturer,2 Widespread Faucets,TS44102BG,,,,,ea,,,,,1341.80,,,Product_Master_Audit_Pass.xlsx,Product_Occurrences | Product_Master,626 | 598,high
missing_manufacturer,2 Widespread Faucets .802,TS44102BG,,Ferguson,2 Widespread Faucets 1341.802 1.0,Plumbing,ea,,,,,0.00,,,normalized_products_db.xlsx | normalized_products_db_v2.xlsx | normalized_products_db_v2_cleaned_v3.xlsx,Sheet1,195,high
missing_manufacturer,Add-on toilet,TSW4736AT4001,,,,,ea,,,,,902.14,,,Product_Master_Audit_Pass.xlsx,Product_Occurrences | Product_Master,511 | 486,high
missing_manufacturer,Add-on toilet Toilet Washlet + Bidet,TSW4736AT4001,,Ferguson,** Add-on toilet Toilet Washlet + Bidet 902.143,Plumbing,ea,,,,,0.00,,,normalized_products_db.xlsx | normalized_products_db_v2.xlsx | normalized_products_db_v2_cleaned_v3.xlsx,Sheet1,155,high
missing_manufacturer,Add-on toilet,TTHU857,,,,,ea,,,,,144.90,,,Product_Master_Audit_Pass.xlsx,Product_Occurrences | Product_Master,512 | 487,high
missing_manufacturer,Add-on toilet Auto Flush Unit,TTHU857,,Ferguson,** Add-on toilet Auto Flush Unit 1.28 144.903,Plumbing,ea,,,,,0.00,,,normalized_products_db.xlsx | normalized_products_db_v2.xlsx | normalized_products_db_v2_cleaned_v3.xlsx,Sheet1,156,high
missing_manufacturer,Shower Valve,U232CIS,,Ferguson,Shower Valve 1000 198.935 1.0,Plumbing,ea,,,,,1000.00,,,Product_Master_Audit_Pass.xlsx | normalized_products_db.xlsx | normalized_products_db_v2.xlsx | normalized_products_db_v2_cleaned_v3.xlsx,Product_Occurrences | Product_Master | Sheet1,614 | 586 | 187,high
missing_manufacturer,Utensil Organizer Pull out - by Stove,UBPO-8SC,,Hardware Resources,,,ea,,,,,,https://www.hardwareresources.com/organizers/cabinet-organizers/base-cabinet-organizers/ubpo-sc.html,,Product_Master_Enhanced.xlsx | Product_Master_Warehouse.xlsx,Product Library | Raw Records | Product Master | Product Occurrences,256 | 74 | 331 | 70,high
missing_manufacturer,Shower Floor tile 4” x 4” Hexagon 18 SQ FT =$,USG12MH3317,,,Shower Floor tile 4” x 4” Hexagon 18 SQ FT =$627.30,Shower,sqft,,,,,690.03,https://www.stonepeakceramics.com/product/ikonite-walnut/,,Product_Master_Enhanced.xlsx | Product_Master_Refined.xlsx | Product_Master_Warehouse.xlsx,Product Library | Raw Records | Product Master | Raw Extract | Product Occurrences,257 | 161 | 205 | 334 | 259,high
missing_manufacturer,Shower Floor tile 4” x 4” Hexagon 18 SQ FT =$ USG12MH33,USG12MH3317,,,Shower Floor tile 4” x 4” Hexagon 18 SQ FT =$627.30 730.03 690.03 ProSource,,sqft,,,,,627.30,https://www.stonepeakceramics.com/product/ikonite-walnut/,,compiled_products_db.xlsx,Sheet1,152,high
missing_manufacturer,"Bath Floor Tile 24"" x 24"" 38 SQ FT $",USSP2424317,,,"Bath Floor Tile 24"" x 24"" 38 SQ FT $155.80",Tile,sqft,,,,,209.72,https://www.stonepeakceramics.com/product/ikonite-walnut/,,Product_Master_Enhanced.xlsx | Product_Master_Refined.xlsx | Product_Master_Warehouse.xlsx,Product Library | Raw Records | Product Master | Raw Extract | Product Occurrences,258 | 157 | 206 | 335 | 255,high
missing_manufacturer,"Tile Bath Floor Tile 24"" x 24"" 38 SQ FT $ 9",USSP2424317,,ProSource,"Tile Bath Floor Tile 24"" x 24"" 38 SQ FT $155.80 950 211.38000000000002 209.71500000000003",Flooring,sqft,,,,,209.00,https://www.stonepeakceramics.com/product/ikonite-walnut/,,normalized_products_db.xlsx | normalized_products_db_v2.xlsx | normalized_products_db_v2_cleaned_v3.xlsx,Sheet1,116,high
missing_manufacturer,"Shower Wall Tile 24"" x 48"" 95 SQ FT $",USSP2448317,,ProSource,"Shower Wall Tile 24"" x 48"" 95 SQ FT $432.35",Shower,sqft,,,,,543.05,https://www.stonepeakceramics.com/product/ikonite-walnut/,,Product_Master_Enhanced.xlsx | Product_Master_Refined.xlsx | Product_Master_Warehouse.xlsx | normalized_products_db.xlsx | normalized_products_db_v2.xlsx | normalized_products_db_v2_cleaned_v3.xlsx,Product Library | Raw Records | Product Master | Raw Extract | Product Occurrences | Sheet1,259 | 159 | 207 | 336 | 257 | 117,high
missing_manufacturer,Shower 2 handle Trim & Valve,UTS9211BG,,Ferguson,Shower 2 handle Trim & Valve 622.183 1.0,Plumbing,ea,,,,,622.18,,,Product_Master_Audit_Pass.xlsx | normalized_products_db.xlsx | normalized_products_db_v2.xlsx | normalized_products_db_v2_cleaned_v3.xlsx,Product_Occurrences | Product_Master | Sheet1,615 | 587 | 188,high
missing_manufacturer,1 Strip,V4N1H,,Home Depot,1-T Strip,,ea,,,,,41.11,https://www.homedepot.com/p/PERFORMANCE-ACCESSORIES-Walnut-Glen-0-31-in-T-x-2-in-W-x-78-7-in-L-Vinyl-4-in-1-Molding-V4N1H-07649/339181153,,Product_Master_Enhanced.xlsx | Product_Master_Refined.xlsx | Product_Master_Warehouse.xlsx,Product Library | Raw Records | Product Master | Raw Extract | Product Occurrences,262 | 263 | 167 | 186 | 210 | 211 | 338 | 339 | 266 | 290,high
missing_manufacturer,Hall Bath LVT,V4N1H,,,,,ea,,,,,41.79,,,Product_Master_Audit_Pass.xlsx,Product_Occurrences | Product_Master,259 | 246,high
missing_manufacturer,T-Strip (1),V4N1H,,,,Hall Bath LVT,ea,,,,,42.27,LifeProof,,Product_Master_Warehouse.xlsx,Product Master | Product Occurrences,340 | 158,high
missing_manufacturer,T-Strip -3,V4N1H,,Home Depot,,,ea,,,,,126.35,https://www.homedepot.com/p/PERFORMANCE-ACCESSORIES-Pinecrest-0-31-in-T-x-2-in-W-x-78-7-in-L-Vinyl-4-in-1-Molding-V4N1H-07518/339181305,,Product_Master_Enhanced.xlsx | Product_Master_Refined.xlsx | Product_Master_Warehouse.xlsx,Product Library | Raw Records | Product Master | Raw Extract | Product Occurrences,261 | 105 | 209 | 337 | 175,high
missing_manufacturer,Stair Nose Cap -9,VSNP-07518,,Home Depot,,,ea,,,,,301.45,https://www.homedepot.com/p/Saffron-1-32-in-T-x-1-88-in-W-x-78-7-in-L-Vinyl-Stair-Nose-Molding-VSNP-07518/327714881,,Product_Master_Enhanced.xlsx | Product_Master_Refined.xlsx | Product_Master_Warehouse.xlsx,Product Library | Raw Records | Product Master | Raw Extract | Product Occurrences,265 | 104 | 213 | 355 | 174,high
missing_manufacturer,Flooring,VSNP-07660,,,,,ea,,,,,33.93,,,Product_Master_Audit_Pass.xlsx,Product_Occurrences | Product_Master,195 | 182,high
missing_manufacturer,LifeProof Shallow Ford Oak Stair Nose,VSNP-07660,,Home Depot,,Flooring,ea,,,,,33.93,,,,"Mrozek, Dan 40214-THC",6,medium
missing_manufacturer,Flooring,VV872,,,,,ea,,,,,950.00,,,Product_Master_Audit_Pass.xlsx,Product_Occurrences | Product_Master,848 | 816,high
missing_manufacturer,Flooring Kitchen Floor LVT Sonia Marble 166 Sq Ft,VV872,,ProSource,Flooring Kitchen Floor LVT Sonia Marble 166 Sq Ft 1410 926.21,Flooring,sqft,,,,,926.21,,,compiled_products_db.xlsx | normalized_products_db.xlsx | normalized_products_db_v2.xlsx | normalized_products_db_v2_cleaned_v3.xlsx,Sheet1,284 | 221,high
missing_manufacturer,Flooring LVT Coretec Iona Stone 90 SQ FT -12266 950,VV872,,ProSource,Flooring LVT Coretec Iona Stone 90 SQ FT -12266 950 463.11,Flooring,sqft,,,,,463.11,,,normalized_products_db.xlsx | normalized_products_db_v2.xlsx | normalized_products_db_v2_cleaned_v3.xlsx,Sheet1,231,high
missing_manufacturer,3 - Hooks,W000078398,,Wayfair,3 - Hooks SKU: 87 86.55 Cabinet & (3) Hooks,Cabinetry,ea,,,,,86.55,https://www.wayfair.com/home-improvement/pdp/rebrilliant-clairview-wall-mounted-robe-hook-w000078398.html?piid=477188212,,Product_Master_Enhanced.xlsx | Product_Master_Refined.xlsx | Product_Master_Warehouse.xlsx | compiled_products_db.xlsx | normalized_products_db.xlsx | normalized_products_db_v2.xlsx | normalized_products_db_v2_cleaned_v3.xlsx,Product Library | Raw Records | Product Master | Raw Extract | Product Occurrences | Sheet1,240 | 141 | 190 | 311 | 237 | 137 | 106,high
missing_manufacturer,"36"" Free Standing Cabinet Storage",W112248263,,,,Cabinetry,ea,,,,,325.49,https://www.wayfair.com/storage-organization/pdp/hokku-designs-palace-imports-100-solid-wood-short-bathroom-linen-cabinet-with-doors-drawers-adjustable-shelves-modular-bathroom-laundry-storage-cabinet-32-w-x-3575-h-w112248274.html?piid=843716567,,Product_Master_Enhanced.xlsx | Product_Master_Refined.xlsx | Product_Master_Warehouse.xlsx,Product Library | Raw Records | Product Master | Raw Extract | Product Occurrences,241 | 138 | 191 | 312 | 234,high
missing_manufacturer,"Cabinet 36"" Free Standing Cabinet Storage",W112248263,,Wayfair,"Cabinet 36"" Free Standing Cabinet Storage SKU: 1300 326 325.49 Cabinet & (3) Hooks",Cabinetry,ea,,,,,325.49,https://www.wayfair.com/storage-organization/pdp/hokku-designs-palace-imports-100-solid-wood-short-bathroom-linen-cabinet-with-doors-drawers-adjustable-shelves-modular-bathroom-laundry-storage-cabinet-32-w-x-3575-h-w112248274.html?piid=843716567,,compiled_products_db.xlsx | normalized_products_db.xlsx | normalized_products_db_v2.xlsx | normalized_products_db_v2_cleaned_v3.xlsx,Sheet1,134 | 104,high
missing_manufacturer,Shower Wall Tile 93 sq ft MSI Veneto White Matte 12x24 NVEN,WHI1224,,,Shower Wall Tile 93 sq ft MSI Veneto White Matte 12x24 NVENEWHI1224 1200 340 ProSource,,sqft,,,,,0.00,https://www.msisurfaces.com/site-search/?key=Veneto%20White,,compiled_products_db.xlsx,Sheet1,113,high
missing_manufacturer,Backsplash Tile MSI Renzo NRENJAD3 GLOSSY ProSource,X12,,,Backsplash Tile MSI Renzo NRENJAD3X12 GLOSSY 1200 261.3 ProSource,,ea,,,,,261.30,,,compiled_products_db.xlsx,Sheet1,283,high
missing_manufacturer,Hall Mirror,X24,,Amazon,,Mirror,ea,,,,,,https://www.amazon.com/dp/B0GVNNH87N?ref_=ppx_printOD_title_dt_b_fed_asin_title_0_0&th=1,,Product_Master_Enhanced.xlsx | Product_Master_Warehouse.xlsx,Product Library | Raw Records | Product Master | Product Occurrences,37 | 107 | 91 | 181,high
missing_manufacturer,"Grab Bar 18"" Vertical",YG0418BN,,Ferguson,,,ea,,,,,,https://www.fergusonhome.com/moen-yg0418/s1084794?uid=2709208,,Product_Master_Extract.xlsx,Sheet1,14,high
missing_manufacturer,"Grab Bar 36"" Hortizal",YG0436BN,,Ferguson,,,ea,,,,,,https://www.fergusonhome.com/moen-yg0436/s1084795?uid=2709209,,Product_Master_Extract.xlsx,Sheet1,15,high
vendor_present_missing_or_invalid_price,Cubby 17x17,CUBBY17X17,Sentrel Products,Sentrel Products,,Hall Bath Sentrel,ea,,,,,,,,,John Daye 39938-CJC,61,high
vendor_present_missing_or_invalid_price,Cubby 17x26,CUBBY17X26,Sentrel Products,Sentrel Products,,Master Bathroom Shower Wall System,ea,,,,,,,,,John Daye 39938-CJC,33,high
