manufacturerNorm,modelStem,modelNumber,name,vendor,vendorNorm,vendorCost,vendorSku,isPrimarySuggested,distinctPricesForVendorKey,priceMin,priceMax,rowsInVendorKey,confidence,sourceWorkbook,sourceSheet,sourceRow
broan,GLA1303SS,GLA1303SS,Kitchen Range Hood Final,Amazon,amazon,0.00,GLA1303SS,true,1,0.0,0.0,1,high,normalized_products_db.xlsx | normalized_products_db_v2.xlsx | normalized_products_db_v2_cleaned_v3.xlsx,Sheet1,29
casa diva home,CDK030PRO,CD-K030PRO,Smart Toilet,Casa Diva Home,casa diva home,1221.79,CD-K030PRO,true,1,1221.79,1221.79,1,high,,John Daye 39938-CJC,6 | 51
delta,41618CZ,41618-CZ,Grab Bar 18 (3),Ferguson Home,ferguson home,173.66,41618-CZ,true,1,173.66,173.66,1,high,,John Daye 39938-CJC,43
delta,41624CZ,41624-CZ,Grab Bar 24 (1),Ferguson Home,ferguson home,188.14,41624-CZ,true,1,188.14,188.14,1,high,,John Daye 39938-CJC,44
delta,41642CZ,41642-CZ,Grab Bar 42,Ferguson Home,ferguson home,289.29,41642-CZ,true,1,289.29,289.29,1,high,,John Daye 39938-CJC,45
delta,41818SS,41818-SS,"Grab Bar 18""",Home Depot,home depot,94.06,41818-SS,true,1,94.06,94.06,1,high,Product_Master_Enhanced.xlsx | Product_Master_Refined.xlsx,Product Library | Raw Records | Product Master | Raw Extract,44 | 261
delta,551CZDST,551-CZ-DST,Bath Faucet,Ferguson Home,ferguson home,436.08,551-CZ-DST,true,1,436.08,436.08,1,high,,John Daye 39938-CJC,7 | 52
delta,73835CZ,73835-CZ,Towel Hooks (4),Ferguson Home,ferguson home,155.80,73835-CZ,true,1,155.8,155.8,1,high,,John Daye 39938-CJC,46
delta,73850CZ,73850-CZ,Toilet Paper Holder,Ferguson Home,ferguson home,72.89,73850-CZ,true,1,72.89,72.89,1,high,,John Daye 39938-CJC,47
delta,74536CZ,74536-CZ,Hooks (2),Ferguson Home,ferguson home,100.06,74536-CZ,true,1,100.06,100.06,1,high,,John Daye 39938-CJC,71
delta,75150CZ,75150-CZ,Toilet Paper Holder,Ferguson Home,ferguson home,83.42,75150-CZ,true,1,83.42,83.42,1,high,,John Daye 39938-CJC,70
delta,B23605,B23605,Classic Tub 60 x 30,Home Depot,home depot,834.07,B23605,true,1,834.07,834.07,1,high,compiled_products_db.xlsx | normalized_products_db.xlsx | normalized_products_db_v2.xlsx | normalized_products_db_v2_cleaned_v3.xlsx,Sheet1,305 | 242
delta,B932,B932,Lorelai 32” Workstation Kitchen Sink Undermount 16 Gauge Stainless Steel Single Bowl with WorkFlow Ledge and Accessories,Ferguson Home,ferguson home,757.74,B932,true,1,757.74,757.74,1,high,Product_Master_Enhanced.xlsx | Product_Master_Refined.xlsx | Product_Master_Warehouse.xlsx | compiled_products_db.xlsx | normalized_products_db.xlsx | normalized_products_db_v2.xlsx | normalized_products_db_v2_cleaned_v3.xlsx,Product Library | Raw Records | Product Master | Raw Extract | Product Occurrences | Sheet1,66 | 69 | 58 | 122 | 63 | 65 | 61
delta,DSSLAHARA1701CZ,DSS-LAHARA-1701CZ,Shower System,Ferguson Home,ferguson home,1294.08,DSS-LAHARA-1701CZ,true,1,1294.08,1294.08,1,high,,John Daye 39938-CJC,8
delta,DT14438,DT14438,Shower Head Handle Trim & Tub Spout,Ferguson,ferguson,202.63,DT14438,true,1,202.63,202.63,1,high,Product_Master_Enhanced.xlsx | Product_Master_Refined.xlsx | Product_Master_Warehouse.xlsx | compiled_products_db.xlsx | normalized_products_db.xlsx | normalized_products_db_v2.xlsx | normalized_products_db_v2_cleaned_v3.xlsx,Product Library | Raw Records | Product Master | Raw Extract | Product Occurrences | Sheet1,96 | 275 | 72 | 168 | 301 | 247 | 175
delta,DWQ4001002,DWQ4001002,GPM Reverse Osmosis Contemporary Beverage Faucet - Less Filter,Ferguson,ferguson,1.50,DWQ4001002,true,1,1.5,1.5,1,high,Product_Master_Enhanced.xlsx | Product_Master_Refined.xlsx | Product_Master_Warehouse.xlsx | compiled_products_db.xlsx | normalized_products_db.xlsx | normalized_products_db_v2.xlsx | normalized_products_db_v2_cleaned_v3.xlsx,Product Library | Raw Records | Product Master | Raw Extract | Product Occurrences | Sheet1,98 | 71 | 74 | 170 | 65 | 67 | 62
delta,R10000,R10000,"Universal Mixing Rough-In Valve with Service Stops, 1/2"" NPT Male thread with 1/2"" C.W.T Female Sweat - Shower Only, No Tub Outlet",2026-06-09 00:00:00,2026-06-09 00:00:00,77.79,R10000,true,1,77.79,77.79,1,high,Product_Master_Warehouse.xlsx | compiled_products_db.xlsx | normalized_products_db.xlsx | normalized_products_db_v2.xlsx | normalized_products_db_v2_cleaned_v3.xlsx,Product Master | Product Occurrences | Sheet1,264 | 114 | 91 | 78
delta,R11000,R11000,Diverter Rough-In Valve for 3 Function and 6 Function Diverter Trims Model: -06,Ferguson,ferguson,117.29,R11000,true,1,117.29,117.29,1,high,compiled_products_db.xlsx | normalized_products_db.xlsx | normalized_products_db_v2.xlsx | normalized_products_db_v2_cleaned_v3.xlsx,Sheet1,90 | 77
delta,T11800,T11800,"Innovations Three Function Diverter Valve Trim Less Rough-In Valve - Two Independent Positions, One Shared Position",2026-06-09 00:00:00,2026-06-09 00:00:00,277.40,T11800,true,1,277.4,277.4,1,high,Product_Master_Warehouse.xlsx | compiled_products_db.xlsx | normalized_products_db.xlsx | normalized_products_db_v2.xlsx | normalized_products_db_v2_cleaned_v3.xlsx,Product Master | Product Occurrences | Sheet1,266 | 115 | 92 | 79
delta,T17238,T17238,Lahara Monitor 17 Series Dual Function Pressure Balanced Shower Only with Integrated Volume Control - Less Rough-In Valve,2026-06-09 00:00:00,2026-06-09 00:00:00,307.77,T17238,true,1,307.77,307.77,1,high,Product_Master_Warehouse.xlsx | compiled_products_db.xlsx | normalized_products_db.xlsx | normalized_products_db_v2.xlsx | normalized_products_db_v2_cleaned_v3.xlsx,Product Master | Product Occurrences | Sheet1,267 | 116 | 93 | 80
dreamline,DLT1130601,DLT-1130601,"SlimLine 30"" x 60"" Shower Base with Single Threshold and Left-Side Drain",Ferguson,ferguson,330.76,DLT-1130601,true,1,330.76,330.76,1,high,Product_Master_Catalog_v3.xlsx | Product_Master_Enhanced.xlsx | Product_Master_Refined.xlsx | Product_Master_Warehouse.xlsx,Product Library | Raw Extract | Raw Records | Product Master | Product Occurrences,7 | 39 | 89 | 90 | 18 | 113 | 68 | 69 | 161 | 191
dreamline,DLT1142420,DLT-1142420,Shower base 42 x 42,Home Depot - Freight chg at Ferguson,home depot - freight chg at ferguson,504.44,DLT-1142420,true,1,504.44,504.44,1,high,Product_Master_Enhanced.xlsx | Product_Master_Refined.xlsx,Product Library | Raw Records | Product Master | Raw Extract,91 | 187 | 70
dreamline,DLT2038380,DLT-2038380,Neo-Angle Shower Base,Home Depot,home depot,279.31,DLT-2038380,true,1,279.31,279.31,1,high,Product_Master_Enhanced.xlsx | Product_Master_Refined.xlsx | Product_Master_Warehouse.xlsx,Product Library | Raw Records | Product Master | Raw Extract | Product Occurrences,92 | 101 | 71 | 162 | 170
dreamline,DN09X02R01,DN09X02R01,Shower Drain,Home Depot,home depot,70.00,DN09X02R01,true,1,70.0,70.0,1,high,Product_Master_Enhanced.xlsx | Product_Master_Warehouse.xlsx | compiled_products_db.xlsx,Product Library | Raw Records | Product Master | Product Occurrences | Sheet1,93 | 102 | 163 | 171 | 101
dreamline,DN09X02R04,DN09X02R04,SlimLine Shower Drain - Brushed Nickel,Ferguson,ferguson,75.90,DN09X02R04,true,1,75.9,75.9,1,high,Product_Master_Catalog_v3.xlsx | Product_Master_Enhanced.xlsx | compiled_products_db.xlsx,Product Library | Raw Extract | Raw Records | Sheet1,8 | 40 | 94 | 19 | 24
dreamline,DN09X02R09,DN09X02R09,Shower Drain Matte Black,Home Depot,home depot,81.00,DN09X02R09,true,1,81.0,81.0,1,high,Product_Master_Enhanced.xlsx | Product_Master_Warehouse.xlsx | compiled_products_db.xlsx,Product Library | Raw Records | Product Master | Product Occurrences | Sheet1,95 | 114 | 164 | 192 | 111
dreamline,SHDR6360760,SHDR-6360760,"Shower Door 60"" Clear Glass Matte Black",Home Depot,home depot,689.55,SHDR-6360760,true,1,689.55,689.55,1,high,Product_Master_Enhanced.xlsx | Product_Master_Refined.xlsx | Product_Master_Warehouse.xlsx,Product Library | Raw Records | Product Master | Raw Extract | Product Occurrences,238 | 153 | 188 | 298 | 251
insinkerator,BADGER5WC,BADGER5WC,Garbage Disposal,Ferguson,ferguson,152.75,BADGER5WC,true,1,152.75,152.75,1,high,Product_Master_Warehouse.xlsx,Product Master | Product Occurrences,135 | 66
kohler,27082,27082-BL,"Occession 36"" Grab Bar",Home Depot,home depot,408.01,27082-BL,true,1,408.01,408.01,1,high,Product_Master_Enhanced.xlsx | Product_Master_Refined.xlsx | Product_Master_Warehouse.xlsx,Product Library | Raw Records | Product Master | Raw Extract | Product Occurrences,32 | 156 | 31 | 89 | 254
kohler,27393,27393-BN,"18"" Towel Bar (2) simplice",Ferguson,ferguson,99.53,27393-BN,true,1,99.53,99.53,1,high,Product_Master_Enhanced.xlsx | Product_Master_Refined.xlsx,Product Library | Raw Records | Product Master | Raw Extract,33 | 198 | 32
kohler,27395,27395-BN,Hook - 1 simplice,Ferguson,ferguson,23.54,27395-BN,true,1,23.54,23.54,1,high,Product_Master_Enhanced.xlsx | Product_Master_Refined.xlsx,Product Library | Raw Records | Product Master | Raw Extract,34 | 200 | 33
kohler,27397,27397-BN,Toilet Paper Holder -simplice,Ferguson,ferguson,41.44,27397-BN,true,1,41.44,41.44,1,high,Product_Master_Enhanced.xlsx | Product_Master_Refined.xlsx,Product Library | Raw Records | Product Master | Raw Extract,35 | 201 | 34
kohler,E580,E580,Purewash Round Electric Bidet Seat in White,Home Depot,home depot,0.00,E580,true,1,0.0,0.0,1,high,compiled_products_db.xlsx | normalized_products_db.xlsx | normalized_products_db_v2.xlsx | normalized_products_db_v2_cleaned_v3.xlsx,Sheet1,12 | 15
kohler,K11748,K-11748,Shower Valve,Ferguson,ferguson,227.83,K-11748,true,1,227.83,227.83,1,high,Product_Master_Enhanced.xlsx | Product_Master_Refined.xlsx | compiled_products_db.xlsx | normalized_products_db.xlsx | normalized_products_db_v2.xlsx | normalized_products_db_v2_cleaned_v3.xlsx,Product Library | Raw Records | Product Master | Raw Extract | Sheet1,118 | 24 | 83 | 33 | 34
kohler,K20000,K-20000,(2) Sinks Rect,Ferguson,ferguson,219.10,K-20000,true,1,219.1,219.1,1,high,Product_Master_Enhanced.xlsx | Product_Master_Refined.xlsx | Product_Master_Warehouse.xlsx | compiled_products_db.xlsx | normalized_products_db.xlsx | normalized_products_db_v2.xlsx | normalized_products_db_v2_cleaned_v3.xlsx,Product Library | Raw Records | Product Master | Raw Extract | Product Occurrences | Sheet1,119 | 120 | 121 | 122 | 29 | 43 | 87 | 234 | 276 | 84 | 85 | 3 | 32 | 98 | 133 | 153 | 302 | 38 | 214 | 30 | 378 | 425 | 505 | 534 | 554 | 780 | 827 | 894
kohler,K200000,K-20000-0,Master Sink,Ferguson Home,ferguson home,139.98,K-20000-0,true,1,139.98,139.98,1,high,,John Daye 39938-CJC,41 | 68
kohler,K21952,K-21952,Powder Room Towel Bar -BN Final,Ferguson,ferguson,77.31,K-21952,true,1,77.31,77.31,1,high,compiled_products_db.xlsx | normalized_products_db.xlsx | normalized_products_db_v2.xlsx | normalized_products_db_v2_cleaned_v3.xlsx,Sheet1,31 | 32
kohler,K21953,K-21953,"24"" Towel Bar above Toilet",Ferguson,ferguson,79.61,K-21953,true,1,79.61,79.61,1,high,Product_Master_Catalog_v3.xlsx | Product_Master_Enhanced.xlsx | Product_Master_Refined.xlsx | compiled_products_db.xlsx | normalized_products_db.xlsx | normalized_products_db_v2.xlsx | normalized_products_db_v2_cleaned_v3.xlsx,Product Library | Raw Extract | Raw Records | Product Master | Sheet1,10 | 33 | 123 | 13 | 86 | 18 | 19
kohler,K21954,K-21954,TP Holder,Ferguson,ferguson,63.30,K-21954,true,1,63.3,63.3,1,high,Product_Master_Enhanced.xlsx | Product_Master_Refined.xlsx | Product_Master_Warehouse.xlsx | compiled_products_db.xlsx | normalized_products_db.xlsx | normalized_products_db_v2.xlsx | normalized_products_db_v2_cleaned_v3.xlsx,Product Library | Raw Records | Product Master | Raw Extract | Product Occurrences | Sheet1,124 | 90 | 87 | 211 | 101 | 30 | 84 | 31 | 506
kohler,K21956,K-21956,Hook for Towel,Ferguson,ferguson,31.71,K-21956,true,1,31.71,31.71,1,high,Product_Master_Enhanced.xlsx | Product_Master_Refined.xlsx | Product_Master_Warehouse.xlsx | compiled_products_db.xlsx | normalized_products_db.xlsx | normalized_products_db_v2.xlsx | normalized_products_db_v2_cleaned_v3.xlsx,Product Library | Raw Records | Product Master | Raw Extract | Product Occurrences | Sheet1,125 | 89 | 88 | 212 | 100 | 83 | 73
kohler,K22020,K-22020,(2) Faucet,Ferguson Order REQ 3/31,ferguson order req 3/31,493.72,K-22020,true,1,493.72,493.72,1,high,Product_Master_Enhanced.xlsx | Product_Master_Refined.xlsx | Product_Master_Warehouse.xlsx | compiled_products_db.xlsx | normalized_products_db.xlsx | normalized_products_db_v2.xlsx | normalized_products_db_v2_cleaned_v3.xlsx,Product Library | Raw Records | Product Master | Raw Extract | Product Occurrences | Sheet1,126 | 44 | 89 | 213 | 33 | 49 | 45
kohler,K22022,K-22022,Faucet- Tempered GPM Single Hole Bathroom Faucet with Pop-Up Drain Assembly,Ferguson,ferguson,364.20,K-22022,true,1,364.2,364.2,1,high,Product_Master_Catalog_v3.xlsx | Product_Master_Enhanced.xlsx | Product_Master_Refined.xlsx | Product_Master_Warehouse.xlsx | compiled_products_db.xlsx | normalized_products_db.xlsx | normalized_products_db_v2.xlsx | normalized_products_db_v2_cleaned_v3.xlsx,Product Library | Raw Extract | Raw Records | Product Master | Product Occurrences | Sheet1,11 | 27 | 127 | 128 | 129 | 9 | 60 | 68 | 88 | 90 | 91 | 92 | 47 | 214 | 49 | 57 | 99 | 14 | 28 | 63 | 82 | 17 | 59 | 72 | 349 | 444
kohler,K2209,K-2209,"17"" Oval Undermount Bathroom Sink",Ferguson,ferguson,107.97,K-2209,true,1,107.97,107.97,1,high,Product_Master_Catalog_v3.xlsx | Product_Master_Enhanced.xlsx | Product_Master_Refined.xlsx | compiled_products_db.xlsx | normalized_products_db.xlsx | normalized_products_db_v2.xlsx | normalized_products_db_v2_cleaned_v3.xlsx,Product Library | Raw Extract | Raw Records | Product Master | Sheet1,12 | 26 | 130 | 131 | 8 | 269 | 93 | 13 | 16 | 883
kohler,K2210,K-2210,(2) Caxton Oval Undermount Bathroom Sink with Overflow,Ferguson,ferguson,238.99,K-2210,true,1,238.99,238.99,1,high,Product_Master_Enhanced.xlsx | Product_Master_Refined.xlsx | Product_Master_Warehouse.xlsx | compiled_products_db.xlsx | normalized_products_db.xlsx | normalized_products_db_v2.xlsx | normalized_products_db_v2_cleaned_v3.xlsx,Product Library | Raw Records | Product Master | Raw Extract | Product Occurrences | Sheet1,132 | 133 | 59 | 67 | 193 | 94 | 48 | 56 | 62 | 58 | 443 | 750
kohler,K22972,K22972,Faucet - Crue GPM Single Hole Pull Down Kitchen Faucet - Includes Escutcheon,Ferguson,ferguson,517.87,K22972,true,1,517.87,517.87,1,high,Product_Master_Enhanced.xlsx | Product_Master_Refined.xlsx | compiled_products_db.xlsx | normalized_products_db.xlsx | normalized_products_db_v2.xlsx | normalized_products_db_v2_cleaned_v3.xlsx,Product Library | Raw Records | Product Master | Raw Extract | Sheet1,186 | 128 | 141 | 124 | 98
kohler,K23292,K-23292,Toilet Paper Holder,Ferguson,ferguson,86.33,K-23292,true,1,86.33,86.33,1,high,Product_Master_Enhanced.xlsx | Product_Master_Refined.xlsx | compiled_products_db.xlsx | normalized_products_db.xlsx | normalized_products_db_v2.xlsx | normalized_products_db_v2_cleaned_v3.xlsx,Product Library | Raw Records | Product Master | Raw Extract | Sheet1,135 | 33 | 96 | 42 | 41
kohler,K23295,K-23295,"24""Grab Bar",Ferguson,ferguson,145.15,K-23295,true,1,145.15,145.15,1,high,Product_Master_Enhanced.xlsx | Product_Master_Refined.xlsx | compiled_products_db.xlsx | normalized_products_db.xlsx | normalized_products_db_v2.xlsx | normalized_products_db_v2_cleaned_v3.xlsx,Product Library | Raw Records | Product Master | Raw Extract | Sheet1,136 | 34 | 97 | 43 | 42
kohler,K26109,K-26109,Bath Tub right Drain,Ferguson,ferguson,763.84,K-26109,true,1,763.84,763.84,1,high,Product_Master_Enhanced.xlsx | Product_Master_Refined.xlsx | Product_Master_Warehouse.xlsx | compiled_products_db.xlsx | normalized_products_db.xlsx | normalized_products_db_v2.xlsx | normalized_products_db_v2_cleaned_v3.xlsx,Product Library | Raw Records | Product Master | Raw Extract | Product Occurrences | Sheet1,137 | 138 | 26 | 79 | 267 | 98 | 216 | 82 | 35 | 485 | 881
kohler,K26322,K-26322,"Shower Fixture 15"" / Arm MODEL: -CP",Wayfair/ Ferguson BO,wayfair/ ferguson bo,124.76,K-26322,true,1,124.76,124.76,1,high,Product_Master_Enhanced.xlsx | Product_Master_Refined.xlsx | Product_Master_Warehouse.xlsx | compiled_products_db.xlsx | normalized_products_db.xlsx | normalized_products_db_v2.xlsx | normalized_products_db_v2_cleaned_v3.xlsx,Product Library | Raw Records | Product Master | Raw Extract | Product Occurrences | Sheet1,139 | 48 | 99 | 217 | 37 | 53 | 49
kohler,K26634,K-26634,"24"" Towel Bar",Ferguson,ferguson,135.65,K-26634,true,1,135.65,135.65,1,high,Product_Master_Enhanced.xlsx | Product_Master_Refined.xlsx | compiled_products_db.xlsx | normalized_products_db.xlsx | normalized_products_db_v2.xlsx | normalized_products_db_v2_cleaned_v3.xlsx,Product Library | Raw Records | Product Master | Raw Extract | Sheet1,140 | 31 | 100 | 40 | 39
kohler,K26636,K-26636,Robe Hooks,Ferguson,ferguson,96.91,K-26636,true,1,96.91,96.91,1,high,Product_Master_Enhanced.xlsx | Product_Master_Refined.xlsx | compiled_products_db.xlsx | normalized_products_db.xlsx | normalized_products_db_v2.xlsx | normalized_products_db_v2_cleaned_v3.xlsx,Product Library | Raw Records | Product Master | Raw Extract | Sheet1,141 | 32 | 101 | 41 | 40
kohler,K26801,K-26801,Toilet Seat,Ferguson,ferguson,60.50,K-26801,true,1,60.5,60.5,1,high,Product_Master_Enhanced.xlsx | Product_Master_Refined.xlsx | Product_Master_Warehouse.xlsx | compiled_products_db.xlsx | normalized_products_db.xlsx | normalized_products_db_v2.xlsx | normalized_products_db_v2_cleaned_v3.xlsx,Product Library | Raw Records | Product Master | Raw Extract | Product Occurrences | Sheet1,142 | 143 | 82 | 192 | 102 | 218 | 85 | 77 | 67 | 749
kohler,K26802,K-26802,Toilet Seat Impro Round,Ferguson,ferguson,55.52,K-26802,true,1,55.52,55.52,2,high,Product_Master_Catalog_v3.xlsx | Product_Master_Enhanced.xlsx | Product_Master_Refined.xlsx | Product_Master_Warehouse.xlsx | compiled_products_db.xlsx | normalized_products_db.xlsx | normalized_products_db_v2.xlsx | normalized_products_db_v2_cleaned_v3.xlsx,Product Library | Raw Extract | Raw Records | Product Master | Product Occurrences | Sheet1,13 | 24 | 144 | 145 | 6 | 57 | 63 | 66 | 103 | 35 | 46 | 52 | 55 | 11 | 14 | 428 | 436 | 442
kohler,K27118,K-27118,Shower Set-up,Ferguson,ferguson,1038.53,K-27118,true,1,1038.53,1038.53,2,high,Product_Master_Enhanced.xlsx | Product_Master_Refined.xlsx | Product_Master_Warehouse.xlsx | compiled_products_db.xlsx | normalized_products_db.xlsx | normalized_products_db_v2.xlsx | normalized_products_db_v2_cleaned_v3.xlsx,Product Library | Raw Records | Product Master | Raw Extract | Product Occurrences | Sheet1,146 | 150 | 104 | 219 | 248 | 143 | 112
kohler,K27383,K-27383,"(2) 18"" Towel Bar",Amazon,amazon,87.34,K-27383,true,1,87.34,87.34,1,high,Product_Master_Enhanced.xlsx | Product_Master_Refined.xlsx | Product_Master_Warehouse.xlsx | compiled_products_db.xlsx | normalized_products_db.xlsx | normalized_products_db_v2.xlsx | normalized_products_db_v2_cleaned_v3.xlsx,Product Library | Raw Records | Product Master | Raw Extract | Product Occurrences | Sheet1,147 | 142 | 105 | 220 | 238 | 138 | 107
kohler,K27388,K-27388,(2) Faucet & Drain Kit Simplice,Ferguson,ferguson,524.63,K-27388,true,1,524.63,524.63,1,high,Product_Master_Enhanced.xlsx | Product_Master_Refined.xlsx | compiled_products_db.xlsx | normalized_products_db.xlsx | normalized_products_db_v2.xlsx | normalized_products_db_v2_cleaned_v3.xlsx,Product Library | Raw Records | Product Master | Raw Extract | Sheet1,148 | 194 | 106 | 178 | 136
kohler,K28563,K28563,Tub Spout,Ferguson,ferguson,68.16,K28563,true,1,68.16,68.16,1,high,Product_Master_Enhanced.xlsx | Product_Master_Refined.xlsx | Product_Master_Warehouse.xlsx | compiled_products_db.xlsx | normalized_products_db.xlsx | normalized_products_db_v2.xlsx | normalized_products_db_v2_cleaned_v3.xlsx,Product Library | Raw Records | Product Master | Raw Extract | Product Occurrences | Sheet1,189 | 171 | 144 | 236 | 270 | 160 | 123
kohler,K28876,K-28876,Undermount Sink Single Bowl -NA,Ferguson,ferguson,0.00,K-28876,true,1,0.0,0.0,1,high,compiled_products_db.xlsx | normalized_products_db.xlsx | normalized_products_db_v2.xlsx | normalized_products_db_v2_cleaned_v3.xlsx,Sheet1,282 | 219
kohler,K30469,K-30469,Kitchen Kitchen Faucet Rival -VS 600 Final,Ferguson,ferguson,315.23,K-30469,true,1,315.23,315.23,1,high,compiled_products_db.xlsx | normalized_products_db.xlsx | normalized_products_db_v2.xlsx | normalized_products_db_v2_cleaned_v3.xlsx,Sheet1,27
kohler,K30811,K-30811,Toilet Santa Rosa,Ferguson,ferguson,575.62,K-30811,true,2,512.9,575.62,2,high,Product_Master_Enhanced.xlsx | Product_Master_Refined.xlsx | compiled_products_db.xlsx | normalized_products_db.xlsx | normalized_products_db_v2.xlsx | normalized_products_db_v2_cleaned_v3.xlsx,Product Library | Raw Records | Product Master | Raw Extract | Sheet1,149 | 27 | 212 | 107 | 36 | 779
kohler,K30919,K-30919,Santa Rosa Left Lever,Ferguson,ferguson,69.70,K-30919,true,1,69.7,69.7,1,high,Product_Master_Enhanced.xlsx | Product_Master_Refined.xlsx | compiled_products_db.xlsx | normalized_products_db.xlsx | normalized_products_db_v2.xlsx | normalized_products_db_v2_cleaned_v3.xlsx,Product Library | Raw Records | Product Master | Raw Extract | Sheet1,150 | 28 | 108 | 37
kohler,K31588,K-31588,Toilet Bowl,Ferguson,ferguson,158.90,K-31588,true,1,158.9,158.9,1,high,Product_Master_Enhanced.xlsx | Product_Master_Refined.xlsx | Product_Master_Warehouse.xlsx | compiled_products_db.xlsx | normalized_products_db.xlsx | normalized_products_db_v2.xlsx | normalized_products_db_v2_cleaned_v3.xlsx,Product Library | Raw Records | Product Master | Raw Extract | Product Occurrences | Sheet1,151 | 148 | 109 | 221 | 246 | 142 | 111
kohler,K31589,K31589,Toilet Cimarron Bowl,Ferguson,ferguson,231.43,K31589,true,2,231.0,231.43,2,high,Product_Master_Enhanced.xlsx | Product_Master_Refined.xlsx | Product_Master_Warehouse.xlsx | compiled_products_db.xlsx | normalized_products_db.xlsx | normalized_products_db_v2.xlsx | normalized_products_db_v2_cleaned_v3.xlsx,Product Library | Raw Records | Product Master | Raw Extract | Product Occurrences | Sheet1,191 | 176 | 146 | 238 | 275 | 165 | 128
kohler,K31620,K-31620,Toilet - elongated Chair Height,Ferguson,ferguson,425.08,K-31620,true,1,425.08,425.08,1,high,Product_Master_Enhanced.xlsx | Product_Master_Refined.xlsx | Product_Master_Warehouse.xlsx | compiled_products_db.xlsx | normalized_products_db.xlsx | normalized_products_db_v2.xlsx | normalized_products_db_v2_cleaned_v3.xlsx,Product Library | Raw Records | Product Master | Raw Extract | Product Occurrences | Sheet1,154 | 155 | 156 | 157 | 81 | 147 | 149 | 191 | 112 | 20 | 84 | 245 | 247 | 76 | 66 | 705 | 706 | 748
kohler,K31640,K-31640,Toilet Ciminron Round Chair Height,Ferguson,ferguson,425.08,K-31640,true,1,425.08,425.08,1,high,Product_Master_Catalog_v3.xlsx | Product_Master_Enhanced.xlsx | Product_Master_Refined.xlsx | compiled_products_db.xlsx | normalized_products_db.xlsx | normalized_products_db_v2.xlsx | normalized_products_db_v2_cleaned_v3.xlsx,Product Library | Raw Extract | Raw Records | Product Master | Sheet1,14 | 23 | 158 | 5 | 113 | 10 | 13
kohler,K35934,K-35934,TP Holder,Ferguson,ferguson,30.91,K-35934,true,1,30.91,30.91,1,high,Product_Master_Enhanced.xlsx | Product_Master_Refined.xlsx | Product_Master_Warehouse.xlsx | compiled_products_db.xlsx | normalized_products_db.xlsx | normalized_products_db_v2.xlsx | normalized_products_db_v2_cleaned_v3.xlsx,Product Library | Raw Records | Product Master | Raw Extract | Product Occurrences | Sheet1,159 | 155 | 114 | 222 | 253 | 147 | 115
kohler,K35953,K-35953,Faucet Wide Spread or Single Match vanity top,BO Ferguson ordered Amazon  4/22,bo ferguson ordered amazon 4/22,301.84,K-35953,true,1,301.84,301.84,1,high,Product_Master_Enhanced.xlsx | Product_Master_Refined.xlsx | Product_Master_Warehouse.xlsx | compiled_products_db.xlsx | normalized_products_db.xlsx | normalized_products_db_v2.xlsx | normalized_products_db_v2_cleaned_v3.xlsx,Product Library | Raw Records | Product Master | Raw Extract | Product Occurrences | Sheet1,160 | 144 | 115 | 223 | 241 | 140 | 109
kohler,K37889,K-37889,(1) Faucet & Drain Kit,Ferguson,ferguson,481.94,K-37889,true,1,481.94,481.94,1,high,Product_Master_Enhanced.xlsx | Product_Master_Refined.xlsx | compiled_products_db.xlsx | normalized_products_db.xlsx | normalized_products_db_v2.xlsx | normalized_products_db_v2_cleaned_v3.xlsx,Product Library | Raw Records | Product Master | Raw Extract | Sheet1,161 | 30 | 116 | 39 | 38
kohler,K37891,K37891,Faucet with Drain,Ferguson,ferguson,276.46,K37891,true,1,276.46,276.46,1,high,Product_Master_Enhanced.xlsx | Product_Master_Refined.xlsx | Product_Master_Warehouse.xlsx | compiled_products_db.xlsx | normalized_products_db.xlsx | normalized_products_db_v2.xlsx | normalized_products_db_v2_cleaned_v3.xlsx,Product Library | Raw Records | Product Master | Raw Extract | Product Occurrences | Sheet1,192 | 175 | 147 | 240 | 274 | 164 | 127
kohler,K706015,K-706015,"Levity 74"" High x 59 /8"" Wide Bypass Frameless Shower Door with Clear Glass",Home Depot (Freight),home depot (freight),877.14,K-706015,true,1,877.14,877.14,1,high,Product_Master_Catalog_v3.xlsx | Product_Master_Enhanced.xlsx | Product_Master_Refined.xlsx | Product_Master_Warehouse.xlsx | compiled_products_db.xlsx | normalized_products_db.xlsx | normalized_products_db_v2.xlsx | normalized_products_db_v2_cleaned_v3.xlsx,Product Library | Raw Extract | Raw Records | Product Master | Product Occurrences | Sheet1,21 | 38 | 162 | 163 | 17 | 115 | 117 | 118 | 224 | 193 | 22 | 112 | 23 | 91
kohler,K728,K-728,Shower Diverter Valve,Ferguson,ferguson,204.17,K-728,true,1,204.17,204.17,1,high,Product_Master_Enhanced.xlsx | Product_Master_Refined.xlsx | Product_Master_Warehouse.xlsx | compiled_products_db.xlsx | normalized_products_db.xlsx | normalized_products_db_v2.xlsx | normalized_products_db_v2_cleaned_v3.xlsx,Product Library | Raw Records | Product Master | Raw Extract | Product Occurrences | Sheet1,164 | 53 | 119 | 225 | 42 | 58 | 54
kohler,K737,K-737,Shower Diverter Valve,Ferguson,ferguson,228.79,K-737,true,1,228.79,228.79,1,high,Product_Master_Enhanced.xlsx | Product_Master_Refined.xlsx | compiled_products_db.xlsx | normalized_products_db.xlsx | normalized_products_db_v2.xlsx | normalized_products_db_v2_cleaned_v3.xlsx,Product Library | Raw Records | Product Master | Raw Extract | Sheet1,165 | 205 | 120 | 188 | 140
kohler,K76464,K-76464,"Shower Fixture / 8"" Rain Head",Ferguson,ferguson,165.81,K-76464,true,1,165.81,165.81,1,high,Product_Master_Enhanced.xlsx | Product_Master_Refined.xlsx | Product_Master_Warehouse.xlsx | compiled_products_db.xlsx | normalized_products_db.xlsx | normalized_products_db_v2.xlsx | normalized_products_db_v2_cleaned_v3.xlsx,Product Library | Raw Records | Product Master | Raw Extract | Product Occurrences | Sheet1,166 | 47 | 121 | 226 | 36 | 52 | 48
kohler,K8304,K-8304,Shower Fixures / Valve,Ferguson,ferguson,126.96,K-8304,true,1,126.96,126.96,1,high,Product_Master_Enhanced.xlsx | Product_Master_Refined.xlsx | Product_Master_Warehouse.xlsx | compiled_products_db.xlsx | normalized_products_db.xlsx | normalized_products_db_v2.xlsx | normalized_products_db_v2_cleaned_v3.xlsx,Product Library | Raw Records | Product Master | Raw Extract | Product Occurrences | Sheet1,167 | 168 | 46 | 152 | 190 | 122 | 27 | 35 | 250 | 51 | 47 | 707 | 747
kohler,K9660,K-9660,Shower Vacumn,Ferguson,ferguson,52.25,K-9660,true,1,52.25,52.25,1,high,Product_Master_Enhanced.xlsx | Product_Master_Refined.xlsx | Product_Master_Warehouse.xlsx | compiled_products_db.xlsx | normalized_products_db.xlsx | normalized_products_db_v2.xlsx | normalized_products_db_v2_cleaned_v3.xlsx,Product Library | Raw Records | Product Master | Raw Extract | Product Occurrences | Sheet1,169 | 51 | 125 | 227 | 40 | 56 | 52
kohler,K98350,K-98350,Shower Elbow Awaken,Ferguson,ferguson,45.30,K-98350,true,1,45.3,45.3,1,high,Product_Master_Enhanced.xlsx | Product_Master_Refined.xlsx | Product_Master_Warehouse.xlsx | compiled_products_db.xlsx | normalized_products_db.xlsx | normalized_products_db_v2.xlsx | normalized_products_db_v2_cleaned_v3.xlsx,Product Library | Raw Records | Product Master | Raw Extract | Product Occurrences | Sheet1,170 | 50 | 126 | 228 | 39 | 55 | 51
kohler,K99007,K-99007,"Lighted Medicine Cabinets - Over Sinks (2) 24""x30""",Ferguson,ferguson,2349.38,K-99007,true,1,2349.38,2349.38,1,high,Product_Master_Enhanced.xlsx | Product_Master_Refined.xlsx | compiled_products_db.xlsx | normalized_products_db.xlsx | normalized_products_db_v2.xlsx | normalized_products_db_v2_cleaned_v3.xlsx,Product Library | Raw Records | Product Master | Raw Extract | Sheet1,171 | 224 | 127 | 204 | 142
kohler,K99242,K-99242,Shoer - Awaken Handshower Kit,Ferguson,ferguson,199.90,K-99242,true,1,199.9,199.9,1,high,Product_Master_Enhanced.xlsx | Product_Master_Refined.xlsx | Product_Master_Warehouse.xlsx | compiled_products_db.xlsx | normalized_products_db.xlsx | normalized_products_db_v2.xlsx | normalized_products_db_v2_cleaned_v3.xlsx,Product Library | Raw Records | Product Master | Raw Extract | Product Occurrences | Sheet1,172 | 49 | 128 | 229 | 38 | 54 | 50
kohler,KR27240,K-R27240,Grab Bar,Ferguson,ferguson,45.53,K-R27240,true,1,45.53,45.53,1,high,Product_Master_Enhanced.xlsx | Product_Master_Refined.xlsx | compiled_products_db.xlsx | normalized_products_db.xlsx | normalized_products_db_v2.xlsx | normalized_products_db_v2_cleaned_v3.xlsx,Product Library | Raw Records | Product Master | Raw Extract | Sheet1,173 | 199 | 129 | 182 | 137
kohler,KR27241,K-R27241,"Grab Bars 16"" Vertical at Entrance of Shower",Home Depot,home depot,87.98,K-R27241,true,1,87.98,87.98,1,high,Product_Master_Enhanced.xlsx | Product_Master_Refined.xlsx | Product_Master_Warehouse.xlsx | compiled_products_db.xlsx | normalized_products_db.xlsx | normalized_products_db_v2.xlsx | normalized_products_db_v2_cleaned_v3.xlsx,Product Library | Raw Records | Product Master | Raw Extract | Product Occurrences | Sheet1,174 | 175 | 122 | 179 | 130 | 28 | 201 | 283 | 119 | 95 | 732
kohler,KR27242,K-R27242,"Grab Bar 24"" Hortizial undeer window",Home Depot,home depot,60.63,K-R27242,true,1,60.63,60.63,1,high,Product_Master_Enhanced.xlsx | Product_Master_Refined.xlsx | Product_Master_Warehouse.xlsx | compiled_products_db.xlsx | normalized_products_db.xlsx | normalized_products_db_v2.xlsx | normalized_products_db_v2_cleaned_v3.xlsx,Product Library | Raw Records | Product Master | Raw Extract | Product Occurrences | Sheet1,176 | 177 | 123 | 178 | 131 | 132 | 29 | 202 | 282 | 120 | 167 | 96 | 731
kohler,KT23509,K-T23509,Shower Diverter,Ferguson,ferguson,165.73,K-T23509,true,1,165.73,165.73,1,high,Product_Master_Enhanced.xlsx | Product_Master_Refined.xlsx | compiled_products_db.xlsx | normalized_products_db.xlsx | normalized_products_db_v2.xlsx | normalized_products_db_v2_cleaned_v3.xlsx,Product Library | Raw Records | Product Master | Raw Extract | Sheet1,178 | 204 | 133 | 187 | 139
kohler,KT97091,K-T97091,Shower Diverter Trim,Ferguson,ferguson,141.49,K-T97091,true,1,141.49,141.49,1,high,Product_Master_Enhanced.xlsx | Product_Master_Refined.xlsx | Product_Master_Warehouse.xlsx | compiled_products_db.xlsx | normalized_products_db.xlsx | normalized_products_db_v2.xlsx | normalized_products_db_v2_cleaned_v3.xlsx,Product Library | Raw Records | Product Master | Raw Extract | Product Occurrences | Sheet1,179 | 52 | 134 | 230 | 41 | 57 | 53
kohler,KT99763,K-T99763,Tub Shower Trim,Ferguson,ferguson,584.46,K-T99763,true,1,584.46,584.46,1,high,Product_Master_Enhanced.xlsx | Product_Master_Refined.xlsx | compiled_products_db.xlsx | normalized_products_db.xlsx | normalized_products_db_v2.xlsx | normalized_products_db_v2_cleaned_v3.xlsx,Product Library | Raw Records | Product Master | Raw Extract | Sheet1,180 | 23 | 135 | 32 | 33
kohler,KTS23501,K-TS23501,Shower Handle Trim,Ferguson,ferguson,2661.83,K-TS23501,true,1,2661.83,2661.83,1,high,Product_Master_Enhanced.xlsx | Product_Master_Refined.xlsx | compiled_products_db.xlsx | normalized_products_db.xlsx | normalized_products_db_v2.xlsx | normalized_products_db_v2_cleaned_v3.xlsx,Product Library | Raw Records | Product Master | Raw Extract | Sheet1,181 | 202 | 136 | 185 | 138
kohler,KTS27043,K-TS27043,Shower Trim,Ferguson,ferguson,407.31,K-TS27043,true,1,407.31,407.31,2,high,Product_Master_Enhanced.xlsx | Product_Master_Refined.xlsx | Product_Master_Warehouse.xlsx | compiled_products_db.xlsx | normalized_products_db.xlsx | normalized_products_db_v2.xlsx | normalized_products_db_v2_cleaned_v3.xlsx,Product Library | Raw Records | Product Master | Raw Extract | Product Occurrences | Sheet1,182 | 151 | 137 | 231 | 249 | 144 | 113
kohler,KTS27392,K-TS27392,"Shower Head, Trim & Arm",Ferguson,ferguson,151.69,K-TS27392,true,1,151.69,151.69,1,high,Product_Master_Enhanced.xlsx | Product_Master_Refined.xlsx | compiled_products_db.xlsx | normalized_products_db.xlsx | normalized_products_db_v2.xlsx | normalized_products_db_v2_cleaned_v3.xlsx,Product Library | Raw Records | Product Master | Raw Extract | Sheet1,183 | 189 | 138 | 177 | 135
kohler,KTS74042,K-TS74042,Shower Fixures / Trim,Ferguson,ferguson,61.07,K-TS74042,true,1,61.07,61.07,1,high,Product_Master_Enhanced.xlsx | Product_Master_Refined.xlsx | Product_Master_Warehouse.xlsx | compiled_products_db.xlsx | normalized_products_db.xlsx | normalized_products_db_v2.xlsx | normalized_products_db_v2_cleaned_v3.xlsx,Product Library | Raw Records | Product Master | Raw Extract | Product Occurrences | Sheet1,184 | 45 | 139 | 232 | 34 | 50 | 46
kohler,R31058,R31058,"24"" Sundae Towel Bar",Home Depot,home depot,27.08,R31058,true,1,27.08,27.08,1,high,Product_Master_Enhanced.xlsx | Product_Master_Refined.xlsx | Product_Master_Warehouse.xlsx | compiled_products_db.xlsx | normalized_products_db.xlsx | normalized_products_db_v2.xlsx | normalized_products_db_v2_cleaned_v3.xlsx,Product Library | Raw Records | Product Master | Raw Extract | Product Occurrences | Sheet1,229 | 180 | 179 | 285 | 284 | 168 | 131
kohler,R31059,R31059,"Sundae 18"" Towel bar",Home Depot,home depot,26.10,R31059,true,1,26.1,26.1,1,high,Product_Master_Enhanced.xlsx | Product_Master_Refined.xlsx | Product_Master_Warehouse.xlsx | compiled_products_db.xlsx | normalized_products_db.xlsx | normalized_products_db_v2.xlsx | normalized_products_db_v2_cleaned_v3.xlsx,Product Library | Raw Records | Product Master | Raw Extract | Product Occurrences | Sheet1,230 | 181 | 180 | 286 | 285 | 169 | 132
kohler,R31060,R31060,Sundae Toilet Paper Holder,Home Depot,home depot,21.68,R31060,true,1,21.68,21.68,1,high,Product_Master_Enhanced.xlsx | Product_Master_Refined.xlsx | Product_Master_Warehouse.xlsx | compiled_products_db.xlsx | normalized_products_db.xlsx | normalized_products_db_v2.xlsx | normalized_products_db_v2_cleaned_v3.xlsx,Product Library | Raw Records | Product Master | Raw Extract | Product Occurrences | Sheet1,231 | 182 | 181 | 287 | 286 | 170 | 133
kohler,R31062,R31062,(3) Hooks two for bath - one for hand towel,Home Depot,home depot,56.96,R31062,true,1,56.96,56.96,1,high,Product_Master_Enhanced.xlsx | Product_Master_Refined.xlsx | Product_Master_Warehouse.xlsx | compiled_products_db.xlsx | normalized_products_db.xlsx | normalized_products_db_v2.xlsx | normalized_products_db_v2_cleaned_v3.xlsx,Product Library | Raw Records | Product Master | Raw Extract | Product Occurrences | Sheet1,232 | 154 | 182 | 288 | 252 | 146 | 114
kohler,R38343,R38343,Shower Door - Swing brushed Nickel,Home Depot,home depot,550.33,R38343,true,1,550.33,550.33,1,high,compiled_products_db.xlsx | normalized_products_db.xlsx | normalized_products_db_v2.xlsx | normalized_products_db_v2_cleaned_v3.xlsx,Sheet1,237 | 166
kohler,SC03,SC03,Vanity Light,Ferguson,ferguson,267.00,SC03,true,1,267.0,267.0,1,high,Product_Master_Enhanced.xlsx | Product_Master_Refined.xlsx | Product_Master_Warehouse.xlsx | compiled_products_db.xlsx,Product Library | Raw Records | Product Master | Raw Extract | Product Occurrences | Sheet1,31 | 86 | 30 | 88 | 96 | 81
lifeproof,ANTLERTRAIL210SQFT,ANTLERTRAIL210SQFT,LVT Flooring,Home Depot,home depot,656.04,ANTLERTRAIL210SQFT,true,1,656.04,656.04,1,high,,John Daye 39938-CJC,26
lifeproof,I06204LP,I06204LP,LVT Floor Tile - Dusk Cherry,Home Depot,home depot,0.00,I06204LP,true,1,0.0,0.0,1,high,compiled_products_db.xlsx | normalized_products_db.xlsx | normalized_products_db_v2.xlsx | normalized_products_db_v2_cleaned_v3.xlsx,Sheet1,26
lifeproof,I228133LX,I228133LX,EnSuite Bath LVP L.P. Shallowford Oak 41 SQ FT,Home Depot,home depot,179.46,I228133LX,true,1,179.46,179.46,1,high,compiled_products_db.xlsx | normalized_products_db.xlsx | normalized_products_db_v2.xlsx | normalized_products_db_v2_cleaned_v3.xlsx,Sheet1,173 | 69 | 734
lifeproof,I233111L,I233111L,LVT LVT Flooring Pinecrest Place Oak 792 SQ FT,Home Depot,home depot,2512.40,I233111L,true,1,2512.4,2512.4,1,high,compiled_products_db.xlsx | normalized_products_db.xlsx | normalized_products_db_v2.xlsx | normalized_products_db_v2_cleaned_v3.xlsx,Sheet1,102 | 88
lifeproof,I966106LP,I966106LP,LVP- floor,Home Depot,home depot,127.74,I966106LP,true,1,127.74,127.74,1,high,compiled_products_db.xlsx | normalized_products_db.xlsx | normalized_products_db_v2.xlsx | normalized_products_db_v2_cleaned_v3.xlsx,Sheet1,87 | 75
lifeproof,IT13126L,IT13126L,Flooring LP - Navarra Maple 622 + 111 733 SQ FT,Home Depot,home depot,2515.70,IT13126L,true,1,2515.7,2515.7,1,high,compiled_products_db.xlsx | normalized_products_db.xlsx | normalized_products_db_v2.xlsx | normalized_products_db_v2_cleaned_v3.xlsx,Sheet1,127 | 101
lifeproof,SI2103090L,SI2103090L,LVT Flooring (5),Home Depot,home depot,272.54,SI2103090L,true,1,272.54,272.54,1,high,compiled_products_db.xlsx | normalized_products_db.xlsx | normalized_products_db_v2.xlsx | normalized_products_db_v2_cleaned_v3.xlsx,John Daye 39938-CJC | Sheet1,74 | 94 | 84
lifeproof,SI992101L,SI992101L,Life Proof Flooring - 50 SQ FT Feldstar Onxy 12x24 - (1) T-Strip EST,Home Depot,home depot,218.82,SI992101L,true,1,218.82,218.82,1,high,compiled_products_db.xlsx | normalized_products_db.xlsx | normalized_products_db_v2.xlsx | normalized_products_db_v2_cleaned_v3.xlsx,Sheet1,253 | 178
lifeproof,V4N1H08542,V4N1H-08542,T-Strip (1),Home Depot,home depot,41.79,V4N1H-08542,true,1,41.79,41.79,1,high,,John Daye 39938-CJC,75
miseno,MNO311LCP,MNO311LCP,Bella GPM Widespread Bathroom Faucet with Pop-Up Drain Assembly Model,Ferguson cancelled BO til end of May,ferguson cancelled bo til end of may,129.47,MNO311LCP,true,1,129.47,129.47,1,high,Product_Master_Refined.xlsx,Product Master | Raw Extract,167 | 277
moen,8371HD,8371HD,Valve - Posi,Ferguson,ferguson,169.81,8371HD,true,1,169.81,169.81,1,high,Product_Master_Enhanced.xlsx | Product_Master_Refined.xlsx | Product_Master_Warehouse.xlsx,Product Library | Raw Records | Product Master | Raw Extract | Product Occurrences,61 | 78 | 55 | 118 | 81
moen,A725ORB,A725ORB,Shower Wall Elbow Supply,Ferguson,ferguson,72.78,A725ORB,true,1,72.78,72.78,1,high,Product_Master_Enhanced.xlsx | Product_Master_Refined.xlsx | compiled_products_db.xlsx | normalized_products_db.xlsx | normalized_products_db_v2.xlsx | normalized_products_db_v2_cleaned_v3.xlsx,Product Library | Raw Records | Product Master | Raw Extract | Sheet1,70 | 231 | 63 | 211 | 148
moen,B074K731S9,B074K731S9,Tub Spout,Amazon,amazon,0.00,B074K731S9,true,1,0.0,0.0,1,high,compiled_products_db.xlsx | normalized_products_db.xlsx | normalized_products_db_v2.xlsx | normalized_products_db_v2_cleaned_v3.xlsx,Sheet1,244 | 173
moen,B07979FN76,B07979FN76,Shower Head M3662,Amazon,amazon,0.00,B07979FN76,true,1,0.0,0.0,1,high,compiled_products_db.xlsx | normalized_products_db.xlsx | normalized_products_db_v2.xlsx | normalized_products_db_v2_cleaned_v3.xlsx,Sheet1,240 | 170
moen,C5BL,C5BL,Shower Head - Magnitic,Ferguson,ferguson,249.65,C5BL,true,1,249.65,249.65,1,high,Product_Master_Enhanced.xlsx | Product_Master_Refined.xlsx | Product_Master_Warehouse.xlsx,Product Library | Raw Records | Product Master | Raw Extract | Product Occurrences,26 | 110 | 24 | 84 | 188
moen,DN2170BN,DN2170BN,Curved Shower Rod M,Amazon,amazon,0.00,DN2170BN,true,1,0.0,0.0,1,high,compiled_products_db.xlsx | normalized_products_db.xlsx | normalized_products_db_v2.xlsx | normalized_products_db_v2_cleaned_v3.xlsx,Sheet1,246 | 174
moen,LR2352DBN,LR2352DBN,"T.P. 7 /8"" x 1"" Grab Bar with Integrated Tissue Holder from the Home Care Collection",Ferguson,ferguson,64.37,LR2352DBN,true,1,64.37,64.37,1,high,Product_Master_Catalog_v3.xlsx | Product_Master_Enhanced.xlsx | Product_Master_Refined.xlsx | compiled_products_db.xlsx | normalized_products_db.xlsx | normalized_products_db_v2.xlsx | normalized_products_db_v2_cleaned_v3.xlsx,Product Library | Raw Extract | Raw Records | Product Master | Sheet1,15 | 37 | 195 | 16 | 151 | 21 | 22
moen,M164745ORB,M164745ORB,Shower Arm Flange,Ferguson,ferguson,19.66,M164745ORB,true,1,19.66,19.66,1,high,Product_Master_Enhanced.xlsx | Product_Master_Refined.xlsx | compiled_products_db.xlsx | normalized_products_db.xlsx | normalized_products_db_v2.xlsx | normalized_products_db_v2_cleaned_v3.xlsx,Product Library | Raw Records | Product Master | Raw Extract | Sheet1,198 | 229 | 154 | 209 | 146
moen,M2570,M2570,Shower Valve - posi temp,Ferguson,ferguson,145.69,M2570,true,1,145.69,145.69,1,high,Product_Master_Enhanced.xlsx | Product_Master_Refined.xlsx | Product_Master_Warehouse.xlsx | compiled_products_db.xlsx | normalized_products_db.xlsx | normalized_products_db_v2.xlsx | normalized_products_db_v2_cleaned_v3.xlsx,Product Library | Raw Records | Product Master | Raw Extract | Product Occurrences | Sheet1,199 | 100 | 155 | 252 | 169 | 99 | 87
moen,M3662EPBN,M3662EPBN,Shower Head,Amazon,amazon,201.52,M3662EPBN,true,1,201.52,201.52,1,high,Product_Master_Enhanced.xlsx | Product_Master_Refined.xlsx,Product Library | Raw Records | Product Master | Raw Extract,200 | 265 | 156
moen,M3667EPORB,M3667EPORB,Shower Handheld w/Slide Bar,Ferguson,ferguson,535.50,M3667EPORB,true,1,535.5,535.5,1,high,Product_Master_Enhanced.xlsx | Product_Master_Refined.xlsx | compiled_products_db.xlsx | normalized_products_db.xlsx | normalized_products_db_v2.xlsx | normalized_products_db_v2_cleaned_v3.xlsx,Product Library | Raw Records | Product Master | Raw Extract | Sheet1,201 | 230 | 157 | 210 | 147
moen,M3839BN,M3839BN,Tub Spout,Amazon,amazon,74.68,M3839BN,true,1,74.68,74.68,1,high,Product_Master_Enhanced.xlsx | Product_Master_Refined.xlsx,Product Library | Raw Records | Product Master | Raw Extract,203 | 271 | 159
moen,M62370,M62370,Shower Valve,Ferguson,ferguson,135.63,M62370,true,1,135.63,135.63,1,high,Product_Master_Enhanced.xlsx | Product_Master_Refined.xlsx | compiled_products_db.xlsx | normalized_products_db.xlsx | normalized_products_db_v2.xlsx | normalized_products_db_v2_cleaned_v3.xlsx,Product Library | Raw Records | Product Master | Raw Extract | Sheet1,204 | 264 | 160 | 239 | 169
moen,M66610,M-66610,"Powder room Faucet Brantford Collection 4"" Centerset",Ferguson,ferguson,131.27,M-66610,true,1,131.27,131.27,1,high,Product_Master_Enhanced.xlsx | Product_Master_Refined.xlsx | Product_Master_Warehouse.xlsx,Product Library | Raw Records | Product Master | Raw Extract | Product Occurrences,197 | 285 | 153 | 251 | 312
moen,M6802BN,M6802BN,Faucet & Drain Kit,Amazon,amazon,209.36,M6802BN,true,1,209.36,209.36,1,high,Product_Master_Enhanced.xlsx | Product_Master_Refined.xlsx | normalized_products_db.xlsx | normalized_products_db_v2.xlsx | normalized_products_db_v2_cleaned_v3.xlsx,Product Library | Raw Records | Product Master | Raw Extract | Sheet1,205 | 270 | 161 | 172
moen,M7260SRS,M7260SRS,Faucet,Ferguson,ferguson,426.79,M7260SRS,true,1,426.79,426.79,1,high,Product_Master_Enhanced.xlsx | Product_Master_Refined.xlsx | Product_Master_Warehouse.xlsx | compiled_products_db.xlsx | normalized_products_db.xlsx | normalized_products_db_v2.xlsx | normalized_products_db_v2_cleaned_v3.xlsx,Product Library | Raw Records | Product Master | Raw Extract | Product Occurrences | Sheet1,206 | 36 | 162 | 254 | 24 | 45 | 44
moen,M9000,M9000,(2) Faucet Valves,Ferguson,ferguson,254.23,M9000,true,1,254.23,254.23,1,high,Product_Master_Enhanced.xlsx | Product_Master_Refined.xlsx | compiled_products_db.xlsx | normalized_products_db.xlsx | normalized_products_db_v2.xlsx | normalized_products_db_v2_cleaned_v3.xlsx,Product Library | Raw Records | Product Master | Raw Extract | Sheet1,207 | 236 | 163 | 216 | 151
moen,M9792,M9792,Bath Tub Rough In,Ferguson,ferguson,333.05,M9792,true,1,333.05,333.05,1,high,Product_Master_Enhanced.xlsx | Product_Master_Refined.xlsx | compiled_products_db.xlsx | normalized_products_db.xlsx | normalized_products_db_v2.xlsx | normalized_products_db_v2_cleaned_v3.xlsx,Product Library | Raw Records | Product Master | Raw Extract | Sheet1,208 | 238 | 164 | 218 | 153
moen,MA714ORB,MA714ORB,Shower Vacuum Breaker,Ferguson,ferguson,161.55,MA714ORB,true,1,161.55,161.55,1,high,Product_Master_Enhanced.xlsx | Product_Master_Refined.xlsx | compiled_products_db.xlsx | normalized_products_db.xlsx | normalized_products_db_v2.xlsx | normalized_products_db_v2_cleaned_v3.xlsx,Product Library | Raw Records | Product Master | Raw Extract | Sheet1,209 | 232 | 165 | 212 | 149
moen,MDN2170BN,MDN2170BN,Curved Shower Rod,Ferguson,ferguson,47.04,MDN2170BN,true,1,47.04,47.04,1,high,Product_Master_Enhanced.xlsx | Product_Master_Refined.xlsx,Product Library | Raw Records | Product Master | Raw Extract,210 | 273 | 166
moen,MR8718D3GCH,MR8718D3GCH,"Grab Bar 18"" Vertical Home Care",Ferguson,ferguson,59.54,MR8718D3GCH,true,1,59.54,59.54,1,high,Product_Master_Enhanced.xlsx | Product_Master_Refined.xlsx | Product_Master_Warehouse.xlsx | compiled_products_db.xlsx | normalized_products_db.xlsx | normalized_products_db_v2.xlsx | normalized_products_db_v2_cleaned_v3.xlsx,Product Library | Raw Records | Product Master | Raw Extract | Product Occurrences | Sheet1,212 | 54 | 168 | 272 | 43 | 59 | 55
moen,MS122BN,MS122BN,Shower Arm,Ferguson,ferguson,96.38,MS122BN,true,1,96.38,96.38,1,high,Product_Master_Enhanced.xlsx | Product_Master_Refined.xlsx | compiled_products_db.xlsx | normalized_products_db.xlsx | normalized_products_db_v2.xlsx | normalized_products_db_v2_cleaned_v3.xlsx,Product Library | Raw Records | Product Master | Raw Extract | Sheet1,214 | 266 | 170 | 241 | 171
moen,MS6365EPORB,MS6365EPORB,Shower Head,Ferguson,ferguson,338.57,MS6365EPORB,true,1,338.57,338.57,1,high,Product_Master_Enhanced.xlsx | Product_Master_Refined.xlsx | compiled_products_db.xlsx | normalized_products_db.xlsx | normalized_products_db_v2.xlsx | normalized_products_db_v2_cleaned_v3.xlsx,Product Library | Raw Records | Product Master | Raw Extract | Sheet1,215 | 227 | 171 | 207 | 145
moen,MT2181BN,MT2181BN,Shower Handle Trim,Amazon,amazon,102.83,MT2181BN,true,1,102.83,102.83,1,high,Product_Master_Enhanced.xlsx | Product_Master_Refined.xlsx,Product Library | Raw Records | Product Master | Raw Extract,217 | 263 | 173
moen,MT2902NH,MT2902NH,Shower Trim - Chrome,Ferguson,ferguson,48.72,MT2902NH,true,1,48.72,48.72,1,high,Product_Master_Enhanced.xlsx | Product_Master_Refined.xlsx | Product_Master_Warehouse.xlsx | compiled_products_db.xlsx | normalized_products_db.xlsx | normalized_products_db_v2.xlsx | normalized_products_db_v2_cleaned_v3.xlsx,Product Library | Raw Records | Product Master | Raw Extract | Product Occurrences | Sheet1,218 | 99 | 174 | 274 | 168 | 98 | 86
moen,MT6905ORB,MT6905ORB,(2) Faucet & Drain Kit,Ferguson,ferguson,1029.36,MT6905ORB,true,1,1029.36,1029.36,1,high,Product_Master_Enhanced.xlsx | Product_Master_Refined.xlsx | compiled_products_db.xlsx | normalized_products_db.xlsx | normalized_products_db_v2.xlsx | normalized_products_db_v2_cleaned_v3.xlsx,Product Library | Raw Records | Product Master | Raw Extract | Sheet1,219 | 235 | 175 | 215 | 150
moen,R8718D3GCH,R8718D3GCH,"Grab Bar 18""",Ferguson,ferguson,59.54,R8718D3GCH,true,1,59.54,59.54,1,high,Product_Master_Enhanced.xlsx | Product_Master_Refined.xlsx | Product_Master_Warehouse.xlsx | compiled_products_db.xlsx | normalized_products_db.xlsx | normalized_products_db_v2.xlsx | normalized_products_db_v2_cleaned_v3.xlsx,Product Library | Raw Records | Product Master | Raw Extract | Product Occurrences | Sheet1,233 | 83 | 183 | 289 | 87 | 78 | 68
moen,S122BL,S122BL,Shower Arm & Flange,Ferguson,ferguson,101.00,S122BL,true,1,101.0,101.0,1,high,Product_Master_Enhanced.xlsx | Product_Master_Refined.xlsx | Product_Master_Warehouse.xlsx | compiled_products_db.xlsx | normalized_products_db.xlsx | normalized_products_db_v2.xlsx | normalized_products_db_v2_cleaned_v3.xlsx,Product Library | Raw Records | Product Master | Raw Extract | Product Occurrences | Sheet1,236 | 109 | 186 | 292 | 187 | 107 | 89
moen,T2133,T2133,"Shower Head, Trim, & Tub Spout",Ferguson,ferguson,1591.55,T2133,true,1,1591.55,1591.55,1,high,Product_Master_Enhanced.xlsx | Product_Master_Refined.xlsx | Product_Master_Warehouse.xlsx | compiled_products_db.xlsx | normalized_products_db.xlsx | normalized_products_db_v2.xlsx | normalized_products_db_v2_cleaned_v3.xlsx,Product Library | Raw Records | Product Master | Raw Extract | Product Occurrences | Sheet1,248 | 77 | 196 | 319 | 80 | 73 | 65
moen,T2181BN,T2181BN,Bathroom Plumbing Shower Handle Trim,Amazon,amazon,0.00,T2181BN,true,1,0.0,0.0,1,high,compiled_products_db.xlsx | normalized_products_db.xlsx | normalized_products_db_v2.xlsx | normalized_products_db_v2_cleaned_v3.xlsx,Sheet1,238 | 168
moen,T2691BL,T2691BL,Shower Trim,Ferguson,ferguson,286.22,T2691BL,true,1,286.22,286.22,1,high,Product_Master_Enhanced.xlsx | Product_Master_Refined.xlsx | Product_Master_Warehouse.xlsx | compiled_products_db.xlsx | normalized_products_db.xlsx | normalized_products_db_v2.xlsx | normalized_products_db_v2_cleaned_v3.xlsx,Product Library | Raw Records | Product Master | Raw Extract | Product Occurrences | Sheet1,249 | 111 | 198 | 320 | 189 | 109 | 90
moen,T2902NHBN,T2902NHBN,"Shower , Trim & Arm Gibson Shower Only Trim Package Shower Head",Ferguson,ferguson,100.13,T2902NHBN,true,1,100.13,100.13,1,high,Product_Master_Catalog_v3.xlsx | Product_Master_Enhanced.xlsx | Product_Master_Refined.xlsx | compiled_products_db.xlsx | normalized_products_db.xlsx | normalized_products_db_v2.xlsx | normalized_products_db_v2_cleaned_v3.xlsx,Product Library | Raw Extract | Raw Records | Product Master | Sheet1,17 | 20 | 250 | 2 | 199 | 7 | 12
moen,T2903NHBN,T2903NHBN,Gibson Tub /Shower Trims,Ferguson,ferguson,0.00,T2903NHBN,true,1,0.0,0.0,1,high,Product_Master_Refined.xlsx | compiled_products_db.xlsx | normalized_products_db.xlsx | normalized_products_db_v2.xlsx | normalized_products_db_v2_cleaned_v3.xlsx,Product Master | Raw Extract | Sheet1,200 | 288 | 304 | 241
moen,T694ORB,T694ORB,Bath Tub Faucet with Handheld,Ferguson,ferguson,1309.70,T694ORB,true,1,1309.7,1309.7,1,high,Product_Master_Enhanced.xlsx | Product_Master_Refined.xlsx | compiled_products_db.xlsx | normalized_products_db.xlsx | normalized_products_db_v2.xlsx | normalized_products_db_v2_cleaned_v3.xlsx,Product Library | Raw Records | Product Master | Raw Extract | Sheet1,251 | 237 | 201 | 217 | 152
moen,U232CIS,U232CIS,Shower Valve,Ferguson,ferguson,200.91,U232CIS,true,1,200.91,200.91,1,high,Product_Master_Enhanced.xlsx | Product_Master_Refined.xlsx | compiled_products_db.xlsx | normalized_products_db.xlsx | normalized_products_db_v2.xlsx | normalized_products_db_v2_cleaned_v3.xlsx,Product Library | Raw Records | Product Master | Raw Extract | Sheet1,255 | 226 | 204 | 206 | 144
moen,UT36111ORB,UT36111ORB,Shower Double Handle Trim,Ferguson,ferguson,404.75,UT36111ORB,true,1,404.75,404.75,1,high,Product_Master_Enhanced.xlsx | Product_Master_Refined.xlsx | compiled_products_db.xlsx | normalized_products_db.xlsx | normalized_products_db_v2.xlsx | normalized_products_db_v2_cleaned_v3.xlsx,Product Library | Raw Records | Product Master | Raw Extract | Sheet1,260 | 225 | 208 | 205 | 143
moen,YB5103ORB,YB5103ORB,Voss Robe Hooks -2,Ferguson,ferguson,96.95,YB5103ORB,true,1,96.95,96.95,1,high,Product_Master_Enhanced.xlsx | Product_Master_Refined.xlsx | compiled_products_db.xlsx | normalized_products_db.xlsx | normalized_products_db_v2.xlsx | normalized_products_db_v2_cleaned_v3.xlsx,Product Library | Raw Records | Product Master | Raw Extract | Sheet1,267 | 251 | 215 | 228 | 160
moen,YB5108ORB,YB5108ORB,Voss Toilet Paper Holder,Ferguson,ferguson,57.08,YB5108ORB,true,1,57.08,57.08,1,high,Product_Master_Enhanced.xlsx | Product_Master_Refined.xlsx | compiled_products_db.xlsx | normalized_products_db.xlsx | normalized_products_db_v2.xlsx | normalized_products_db_v2_cleaned_v3.xlsx,Product Library | Raw Records | Product Master | Raw Extract | Sheet1,268 | 253 | 216 | 230 | 162
moen,YB5124ORB,YB5124ORB,"Voss 24"" Towel Bar 2",Ferguson,ferguson,145.95,YB5124ORB,true,1,145.95,145.95,1,high,Product_Master_Enhanced.xlsx | Product_Master_Refined.xlsx | compiled_products_db.xlsx | normalized_products_db.xlsx | normalized_products_db_v2.xlsx | normalized_products_db_v2_cleaned_v3.xlsx,Product Library | Raw Records | Product Master | Raw Extract | Sheet1,269 | 250 | 217 | 227 | 159
moen,YB5186ORB,YB5186ORB,Voss Towel Ring -2,Ferguson,ferguson,95.70,YB5186ORB,true,1,95.7,95.7,1,high,Product_Master_Enhanced.xlsx | Product_Master_Refined.xlsx | compiled_products_db.xlsx | normalized_products_db.xlsx | normalized_products_db_v2.xlsx | normalized_products_db_v2_cleaned_v3.xlsx,Product Library | Raw Records | Product Master | Raw Extract | Sheet1,270 | 252 | 218 | 229 | 161
moen,YG0418BN,YG0418BN,"Grab Bar 18"" Vertical",Ferguson,ferguson,144.19,YG0418BN,true,1,144.19,144.19,1,high,Product_Master_Catalog_v3.xlsx | Product_Master_Enhanced.xlsx | Product_Master_Refined.xlsx | compiled_products_db.xlsx | normalized_products_db.xlsx | normalized_products_db_v2.xlsx | normalized_products_db_v2_cleaned_v3.xlsx,Product Library | Raw Extract | Raw Records | Product Master | Sheet1,18 | 35 | 271 | 14 | 219 | 19 | 20
moen,YG0436BN,YG0436BN,"Grab Bar 36"" Hortizal",Ferguson,ferguson,188.88,YG0436BN,true,1,188.88,188.88,1,high,Product_Master_Catalog_v3.xlsx | Product_Master_Enhanced.xlsx | Product_Master_Refined.xlsx | compiled_products_db.xlsx | normalized_products_db.xlsx | normalized_products_db_v2.xlsx | normalized_products_db_v2_cleaned_v3.xlsx,Product Library | Raw Extract | Raw Records | Product Master | Sheet1,19 | 36 | 272 | 15 | 220 | 20 | 21
panasonic,BLMC2432,BLMC2432,100 CFM Sone Ceiling Mounted HVI Certified Exhaust Fan,Ferguson,ferguson,92.00,BLMC2432,true,1,92.0,92.0,1,high,normalized_products_db.xlsx | normalized_products_db_v2.xlsx | normalized_products_db_v2_cleaned_v3.xlsx,Sheet1,9
panasonic,C1466,C1466,Exhaust Fan FV-0510VSL1 Service Plus per Lo,Ferguson,ferguson,0.00,C1466,true,1,0.0,0.0,1,high,compiled_products_db.xlsx | normalized_products_db.xlsx | normalized_products_db_v2.xlsx | normalized_products_db_v2_cleaned_v3.xlsx,Sheet1,85 | 74 | 570
panasonic,FV0510VS1,FV-0510VS1,100 CFM Sone Ceiling Mounted HVI Certified Exhaust Fan,Ferguson,ferguson,101.88,FV-0510VS1,true,1,101.88,101.88,1,high,Product_Master_Catalog_v3.xlsx | Product_Master_Enhanced.xlsx | Product_Master_Refined.xlsx | Product_Master_Warehouse.xlsx,Product Library | Raw Extract | Raw Records | Product Master | Product Occurrences,9 | 44 | 102 | 103 | 104 | 21 | 58 | 106 | 146 | 221 | 282 | 76 | 5 | 47 | 176 | 244 | 309
panasonic,FV0510VSL1,FV-0510VSL1,(1) Bath Exhusted Fan w/Light,Ferguson (Web),ferguson (web),163.05,FV-0510VSL1,true,1,163.05,163.05,1,high,Product_Master_Enhanced.xlsx | Product_Master_Refined.xlsx | Product_Master_Warehouse.xlsx,Product Library | Raw Records | Product Master | Raw Extract | Product Occurrences,105 | 106 | 107 | 108 | 91 | 97 | 124 | 222 | 274 | 77 | 78 | 14 | 102 | 163 | 203
panasonic,FV0511VKS3S,FV-0511VKS3S,Exhaust Fan,Ferguson Home,ferguson home,248.60,FV-0511VKS3S,true,1,248.6,248.6,1,high,,John Daye 39938-CJC,20
panasonic,FV0511VKSL3,FV-0511VKSL3,Water Closet Exhaust Fan w/light,Ferguson Home,ferguson home,300.88,FV-0511VKSL3,true,1,300.88,300.88,1,high,,John Daye 39938-CJC,21 | 57
ruvati,RVH8350,RVH8350,Kitchen Kitchen Sink 600 Final,Ferguson,ferguson,0.00,RVH8350,true,1,0.0,0.0,1,high,normalized_products_db.xlsx | normalized_products_db_v2.xlsx | normalized_products_db_v2_cleaned_v3.xlsx,Sheet1,28
ruvati,RVM4350,RVM4350,Sink 500,Ferguson,ferguson,319.03,RVM4350,true,1,319.03,319.03,1,high,compiled_products_db.xlsx | normalized_products_db.xlsx | normalized_products_db_v2.xlsx | normalized_products_db_v2_cleaned_v3.xlsx,Sheet1,123 | 97
toto,MS776124CSFG,MS776124CSFG,Toliets (3) Toilets - 3 /Seat Included $ 3 PC,Ferguson,ferguson,0.00,MS776124CSFG,true,1,0.0,0.0,1,high,normalized_products_db.xlsx | normalized_products_db_v2.xlsx | normalized_products_db_v2_cleaned_v3.xlsx,Sheet1,102
