manufacturer,manufacturerNorm,modelNumber,modelStem,name,description,category,unit,tier,collection,color,finish,productUrl,imageUrl,confidence,sourceWorkbook,sourceSheet,sourceRow,rowsInKey,distinctNamesInKey,distinctVendorsInKey,distinctColorFinishInKey
Broan,broan,GLA1303SS,GLA1303SS,Kitchen Range Hood Final,Kitchen Range Hood 242.48 Final,,ea,,,,,,,high,normalized_products_db.xlsx | normalized_products_db_v2.xlsx | normalized_products_db_v2_cleaned_v3.xlsx,Sheet1,29,1,1,1,0
Casa Diva Home,casa diva home,CD-K030PRO,CDK030PRO,Smart Toilet,,Master Bathroom Plumbing,ea,,,,,,,high,,John Daye 39938-CJC,6 | 51,1,1,1,0
Delta,delta,41618-CZ,41618CZ,Grab Bar 18 (3),,Master Bath Finishes & Trim,ea,,,,,,,high,,John Daye 39938-CJC,43,1,1,1,0
Delta,delta,41624-CZ,41624CZ,Grab Bar 24 (1),,Master Bath Finishes & Trim,ea,,,,,,,high,,John Daye 39938-CJC,44,1,1,1,0
Delta,delta,41642-CZ,41642CZ,Grab Bar 42,,Master Bath Finishes & Trim,ea,,,,,,,high,,John Daye 39938-CJC,45,1,1,1,0
Delta,delta,41812-SS,41812SS,"Grab Bar 12""",,,ea,,,,,https://www.homedepot.com/p/Delta-Contemporary-12-in-x-1-1-4-in-Concealed-Screw-ADA-Compliant-Bathroom-Shower-Grab-Bar-in-Brilliance-Stainless-Steel-41812-SS/205857180,,high,Product_Master_Enhanced.xlsx | Product_Master_Refined.xlsx,Product Library | Raw Records | Product Master | Raw Extract,43 | 260,1,1,0,0
Delta,delta,41818-SS,41818SS,"Grab Bar 18""",,,ea,,,,,https://www.homedepot.com/p/Delta-Contemporary-18-in-x-1-1-4-in-Concealed-Screw-ADA-Compliant-Bathroom-Shower-Grab-Bar-in-Brilliance-Stainless-Steel-41818-SS/205857298,,high,Product_Master_Enhanced.xlsx | Product_Master_Refined.xlsx,Product Library | Raw Records | Product Master | Raw Extract,44 | 261,1,1,1,0
Delta,delta,551-CZ-DST,551CZDST,Bath Faucet,,Master Bathroom Plumbing,ea,,,,,,,high,,John Daye 39938-CJC,7 | 52,1,1,1,0
Delta,delta,73835-CZ,73835CZ,Towel Hooks (4),,Master Bath Finishes & Trim,ea,,,,,,,high,,John Daye 39938-CJC,46,1,1,1,0
Delta,delta,73850-CZ,73850CZ,Toilet Paper Holder,,Master Bath Finishes & Trim,ea,,,,,,,high,,John Daye 39938-CJC,47,1,1,1,0
Delta,delta,74536-CZ,74536CZ,Hooks (2),,Hall Bath Finishes & Trim,ea,,,,,,,high,,John Daye 39938-CJC,71,1,1,1,0
Delta,delta,75150-CZ,75150CZ,Toilet Paper Holder,,Hall Bath Finishes & Trim,ea,,,,,,,high,,John Daye 39938-CJC,70,1,1,1,0
Delta,delta,B23605,B23605,Classic Tub 60 x 30,Classic Tub 60 x 30 834.07 -6030L-WH 1.0,Plumbing,ea,,,white,white,https://www.homedepot.com/p/Delta-Classic-500-60-in-x-30-in-Alcove-Deep-Soaking-Bathtub-with-Left-Drain-in-High-Gloss-White-B23605-6030L-WH/321016480,,high,compiled_products_db.xlsx | normalized_products_db.xlsx | normalized_products_db_v2.xlsx | normalized_products_db_v2_cleaned_v3.xlsx,Sheet1,305 | 242,1,1,1,1
Delta,delta,B932,B932,Lorelai 32” Workstation Kitchen Sink Undermount 16 Gauge Stainless Steel Single Bowl with WorkFlow Ledge and Accessories,,Sink,ea,,,stainless,Stainless Steel,https://www.fergusonhome.com/delta-95b932-32s/s1815605?uid=4301493,,high,Product_Master_Enhanced.xlsx | Product_Master_Refined.xlsx | Product_Master_Warehouse.xlsx | compiled_products_db.xlsx | normalized_products_db.xlsx | normalized_products_db_v2.xlsx | normalized_products_db_v2_cleaned_v3.xlsx,Product Library | Raw Records | Product Master | Raw Extract | Product Occurrences | Sheet1,66 | 69 | 58 | 122 | 63 | 65 | 61,1,1,1,1
Delta,delta,DSS-LAHARA-1701CZ,DSSLAHARA1701CZ,Shower System,,Master Bathroom Plumbing,ea,,,,,,,high,,John Daye 39938-CJC,8,1,1,1,0
Delta,delta,DT14438,DT14438,Shower Head Handle Trim & Tub Spout,,Shower,ea,,,,,https://www.fergusonhome.com/delta-t14438/s719722?uid=446237,,high,Product_Master_Enhanced.xlsx | Product_Master_Refined.xlsx | Product_Master_Warehouse.xlsx | compiled_products_db.xlsx | normalized_products_db.xlsx | normalized_products_db_v2.xlsx | normalized_products_db_v2_cleaned_v3.xlsx,Product Library | Raw Records | Product Master | Raw Extract | Product Occurrences | Sheet1,96 | 275 | 72 | 168 | 301 | 247 | 175,1,1,1,0
Delta,delta,DWQ4001002,DWQ4001002,GPM Reverse Osmosis Contemporary Beverage Faucet - Less Filter,1.5 GPM Reverse Osmosis Contemporary Beverage Faucet - Less Filter,Faucet,ea,,,,,https://www.fergusonhome.com/delta-dwq4001002/s2032615?uid=4873921,,high,Product_Master_Enhanced.xlsx | Product_Master_Refined.xlsx | Product_Master_Warehouse.xlsx | compiled_products_db.xlsx | normalized_products_db.xlsx | normalized_products_db_v2.xlsx | normalized_products_db_v2_cleaned_v3.xlsx,Product Library | Raw Records | Product Master | Raw Extract | Product Occurrences | Sheet1,98 | 71 | 74 | 170 | 65 | 67 | 62,1,1,1,0
Delta,delta,R10000,R10000,"Universal Mixing Rough-In Valve with Service Stops, 1/2"" NPT Male thread with 1/2"" C.W.T Female Sweat - Shower Only, No Tub Outlet",,Shower,ea,,,,,,,high,Product_Master_Warehouse.xlsx | compiled_products_db.xlsx | normalized_products_db.xlsx | normalized_products_db_v2.xlsx | normalized_products_db_v2_cleaned_v3.xlsx,Product Master | Product Occurrences | Sheet1,264 | 114 | 91 | 78,1,1,1,0
Delta,delta,R11000,R11000,Diverter Rough-In Valve for 3 Function and 6 Function Diverter Trims Model: -06,Diverter Rough-In Valve for 3 Function and 6 Function Diverter Trims Model: 117.293 in kit,Plumbing,ea,,,,,,,high,compiled_products_db.xlsx | normalized_products_db.xlsx | normalized_products_db_v2.xlsx | normalized_products_db_v2_cleaned_v3.xlsx,Sheet1,90 | 77,1,1,1,0
Delta,delta,T11800,T11800,"Innovations Three Function Diverter Valve Trim Less Rough-In Valve - Two Independent Positions, One Shared Position",,Plumbing,ea,,,,,,,high,Product_Master_Warehouse.xlsx | compiled_products_db.xlsx | normalized_products_db.xlsx | normalized_products_db_v2.xlsx | normalized_products_db_v2_cleaned_v3.xlsx,Product Master | Product Occurrences | Sheet1,266 | 115 | 92 | 79,1,1,1,0
Delta,delta,T17238,T17238,Lahara Monitor 17 Series Dual Function Pressure Balanced Shower Only with Integrated Volume Control - Less Rough-In Valve,,Shower,ea,,,,,,,high,Product_Master_Warehouse.xlsx | compiled_products_db.xlsx | normalized_products_db.xlsx | normalized_products_db_v2.xlsx | normalized_products_db_v2_cleaned_v3.xlsx,Product Master | Product Occurrences | Sheet1,267 | 116 | 93 | 80,1,1,1,0
DreamLine,dreamline,DLT-1130601,DLT1130601,"SlimLine 30"" x 60"" Shower Base with Single Threshold and Left-Side Drain",Shower Base Left Drain 30x60,Uncategorized,ea,,,,,https://www.fergusonhome.com/dreamline-dlt-1130601/s822259?uid=2121664,,high,Product_Master_Catalog_v3.xlsx | Product_Master_Enhanced.xlsx | Product_Master_Refined.xlsx | Product_Master_Warehouse.xlsx,Product Library | Raw Extract | Raw Records | Product Master | Product Occurrences,7 | 39 | 89 | 90 | 18 | 113 | 68 | 69 | 161 | 191,1,1,1,0
DreamLine,dreamline,DLT-1142420,DLT1142420,Shower base 42 x 42,,Shower,ea,,,,,https://www.homedepot.com/p/DreamLine-SlimLine-42-in-L-x-42-in-W-Single-Threshold-Alcove-Shower-Pan-Base-in-White-with-Center-Drain-DLT-1142420/303163352,,high,Product_Master_Enhanced.xlsx | Product_Master_Refined.xlsx,Product Library | Raw Records | Product Master | Raw Extract,91 | 187 | 70,1,1,1,0
DreamLine,dreamline,DLT-2038380,DLT2038380,Neo-Angle Shower Base,,Shower,ea,,,,,https://www.homedepot.com/p/DreamLine-SlimLine-38-in-x-38-in-Neo-Angle-Shower-Tray-in-White-DLT-2038380/204045983,,high,Product_Master_Enhanced.xlsx | Product_Master_Refined.xlsx | Product_Master_Warehouse.xlsx,Product Library | Raw Records | Product Master | Raw Extract | Product Occurrences,92 | 101 | 71 | 162 | 170,1,1,1,0
DreamLine,dreamline,DN09X02R01,DN09X02R01,Shower Drain,,Shower,ea,,,,,https://www.homedepot.com/p/DreamLine-SlimLine-2-in-Round-Shower-Drain-Chrome-DN09X02R01/335486263,,high,Product_Master_Enhanced.xlsx | Product_Master_Warehouse.xlsx | compiled_products_db.xlsx,Product Library | Raw Records | Product Master | Product Occurrences | Sheet1,93 | 102 | 163 | 171 | 101,1,1,1,0
DreamLine,dreamline,DN09X02R04,DN09X02R04,SlimLine Shower Drain - Brushed Nickel,SlimLine Shower Drain - Brushed Nickel 75.9,Uncategorized,ea,,,,Nickel,https://www.fergusonhome.com/dreamline-dn09x02r/s2086405?uid=5094657&_br_psugg_q=dreamline+shower+drain,,high,Product_Master_Catalog_v3.xlsx | Product_Master_Enhanced.xlsx | compiled_products_db.xlsx,Product Library | Raw Extract | Raw Records | Sheet1,8 | 40 | 94 | 19 | 24,1,1,1,1
DreamLine,dreamline,DN09X02R09,DN09X02R09,Shower Drain Matte Black,,Shower,ea,,,,Matte Black,https://www.homedepot.com/p/DreamLine-SlimLine-2-in-Round-Shower-Drain-Matte-Black-DN09X02R09/335462360,,high,Product_Master_Enhanced.xlsx | Product_Master_Warehouse.xlsx | compiled_products_db.xlsx,Product Library | Raw Records | Product Master | Product Occurrences | Sheet1,95 | 114 | 164 | 192 | 111,1,1,1,1
DreamLine,dreamline,SHDR-6360760,SHDR6360760,"Shower Door 60"" Clear Glass Matte Black",,Shower,ea,,,,Matte Black,https://www.homedepot.com/p/DreamLine-Essence-56-in-to-60-in-W-x-76-in-H-Sliding-Frameless-Shower-Door-in-Matte-Black-with-Clear-Glass-SHDR-6360760-09/316239133,,high,Product_Master_Enhanced.xlsx | Product_Master_Refined.xlsx | Product_Master_Warehouse.xlsx,Product Library | Raw Records | Product Master | Raw Extract | Product Occurrences,238 | 153 | 188 | 298 | 251,1,1,1,1
Insinkerator,insinkerator,BADGER5WC,BADGER5WC,Garbage Disposal,,Garbage Disposal,ea,,,,,https://www.fergusonhome.com/insinkerator-badger-5/s434080?uid=2564868,,high,Product_Master_Warehouse.xlsx,Product Master | Product Occurrences,135 | 66,1,1,1,0
Kohler,kohler,27082-BL,27082,"Occession 36"" Grab Bar",,,ea,,,,,https://www.homedepot.com/p/KOHLER-Occasion-36-in-Grab-Bar-in-Matte-Black-27082-BL/323807581?MERCH=REC-_-rv_cartempty_rr-_-n/a-_-0-_-n/a-_-n/a-_-n/a-_-n/a-_-n/a,,high,Product_Master_Enhanced.xlsx | Product_Master_Refined.xlsx | Product_Master_Warehouse.xlsx,Product Library | Raw Records | Product Master | Raw Extract | Product Occurrences,32 | 156 | 31 | 89 | 254,1,1,1,0
Kohler,kohler,27393-BN,27393,"18"" Towel Bar (2) simplice",,,ea,,,,,https://www.homedepot.com/p/KOHLER-Simplice-18-in-Towel-Bar-in-Vibrant-Brushed-Nickel-27393-BN/323581213,,high,Product_Master_Enhanced.xlsx | Product_Master_Refined.xlsx,Product Library | Raw Records | Product Master | Raw Extract,33 | 198 | 32,1,1,1,0
Kohler,kohler,27395-BN,27395,Hook - 1 simplice,,,ea,,,,,https://www.homedepot.com/p/KOHLER-Simplice-J-Hook-Robe-Towel-Hook-in-Vibrant-Brushed-Nickel-27395-BN/323581167,,high,Product_Master_Enhanced.xlsx | Product_Master_Refined.xlsx,Product Library | Raw Records | Product Master | Raw Extract,34 | 200 | 33,1,1,1,0
Kohler,kohler,27397-BN,27397,Toilet Paper Holder -simplice,,Toilet,ea,,,,,https://www.homedepot.com/p/KOHLER-Simplice-Wall-Mounted-Toilet-Paper-Holder-in-Vibrant-Brushed-Nickel-27397-BN/323581115,,high,Product_Master_Enhanced.xlsx | Product_Master_Refined.xlsx,Product Library | Raw Records | Product Master | Raw Extract,35 | 201 | 34,1,1,1,0
Kohler,kohler,E580,E580,Purewash Round Electric Bidet Seat in White,Purewash Round Electric Bidet Seat in White 32331-0,,ea,,,white,white,https://www.homedepot.com/p/KOHLER-Purewash-E580-Round-Electric-Bidet-Seat-in-White-32331-0/325621229?fp=oai&utm_source=chatgpt.com&oppcref=c455ae81-d747-4b1c-a24f-a8766ddb7add#see-more-details,,high,compiled_products_db.xlsx | normalized_products_db.xlsx | normalized_products_db_v2.xlsx | normalized_products_db_v2_cleaned_v3.xlsx,Sheet1,12 | 15,1,1,1,1
Kohler,kohler,K-11748,K11748,Shower Valve,matte Black Shower Valve -KS-NA 227.83200000000002,Shower,ea,,,matte black,matte black,https://www.fergusonhome.com/kohler-k-11748-ks/s558217?uid=1356175,,high,Product_Master_Enhanced.xlsx | Product_Master_Refined.xlsx | compiled_products_db.xlsx | normalized_products_db.xlsx | normalized_products_db_v2.xlsx | normalized_products_db_v2_cleaned_v3.xlsx,Product Library | Raw Records | Product Master | Raw Extract | Sheet1,118 | 24 | 83 | 33 | 34,1,1,1,1
Kohler,kohler,K-20000,K20000,(2) Sinks Rect,,Sink,ea,,,,,https://www.fergusonhome.com/kohler-k-20000/s1240319?uid=2965270,,high,Product_Master_Enhanced.xlsx | Product_Master_Refined.xlsx | Product_Master_Warehouse.xlsx | compiled_products_db.xlsx | normalized_products_db.xlsx | normalized_products_db_v2.xlsx | normalized_products_db_v2_cleaned_v3.xlsx,Product Library | Raw Records | Product Master | Raw Extract | Product Occurrences | Sheet1,119 | 120 | 121 | 122 | 29 | 43 | 87 | 234 | 276 | 84 | 85 | 3 | 32 | 98 | 133 | 153 | 302 | 38 | 214 | 30 | 378 | 425 | 505 | 534 | 554 | 780 | 827 | 894,1,1,1,0
Kohler,kohler,K-20000-0,K200000,Master Sink,,Master Bath Finishes & Trim,ea,,,,,,,high,,John Daye 39938-CJC,41 | 68,1,1,1,0
Kohler,kohler,K-21952,K21952,Powder Room Towel Bar -BN Final,Powder Room Towel Bar -BN 77.308 Final,Hardware,ea,,,,,,,high,compiled_products_db.xlsx | normalized_products_db.xlsx | normalized_products_db_v2.xlsx | normalized_products_db_v2_cleaned_v3.xlsx,Sheet1,31 | 32,1,1,1,0
Kohler,kohler,K-21953,K21953,"24"" Towel Bar above Toilet","24"" Towel Bar above Toilet -BN 79.61",Uncategorized,ea,,,,,https://www.fergusonhome.com/kohler-k-21953/s1517173?uid=3567961,,high,Product_Master_Catalog_v3.xlsx | Product_Master_Enhanced.xlsx | Product_Master_Refined.xlsx | compiled_products_db.xlsx | normalized_products_db.xlsx | normalized_products_db_v2.xlsx | normalized_products_db_v2_cleaned_v3.xlsx,Product Library | Raw Extract | Raw Records | Product Master | Sheet1,10 | 33 | 123 | 13 | 86 | 18 | 19,1,1,1,0
Kohler,kohler,K-21954,K21954,TP Holder,,Plumbing,ea,,,,,https://www.fergusonhome.com/kohler-k-21954/s1517169?uid=3560505,,high,Product_Master_Enhanced.xlsx | Product_Master_Refined.xlsx | Product_Master_Warehouse.xlsx | compiled_products_db.xlsx | normalized_products_db.xlsx | normalized_products_db_v2.xlsx | normalized_products_db_v2_cleaned_v3.xlsx,Product Library | Raw Records | Product Master | Raw Extract | Product Occurrences | Sheet1,124 | 90 | 87 | 211 | 101 | 30 | 84 | 31 | 506,1,1,1,0
Kohler,kohler,K-21956,K21956,Hook for Towel,,,ea,,,,,https://www.fergusonhome.com/kohler-k-21956/s1517170?uid=3560507,,high,Product_Master_Enhanced.xlsx | Product_Master_Refined.xlsx | Product_Master_Warehouse.xlsx | compiled_products_db.xlsx | normalized_products_db.xlsx | normalized_products_db_v2.xlsx | normalized_products_db_v2_cleaned_v3.xlsx,Product Library | Raw Records | Product Master | Raw Extract | Product Occurrences | Sheet1,125 | 89 | 88 | 212 | 100 | 83 | 73,1,1,1,0
Kohler,kohler,K-22020,K22020,(2) Faucet,,Faucet,ea,,,,,https://www.fergusonhome.com/kohler-k-22022-4/s1515499?uid=3554911,,high,Product_Master_Enhanced.xlsx | Product_Master_Refined.xlsx | Product_Master_Warehouse.xlsx | compiled_products_db.xlsx | normalized_products_db.xlsx | normalized_products_db_v2.xlsx | normalized_products_db_v2_cleaned_v3.xlsx,Product Library | Raw Records | Product Master | Raw Extract | Product Occurrences | Sheet1,126 | 44 | 89 | 213 | 33 | 49 | 45,1,1,1,0
Kohler,kohler,K-22022,K22022,Faucet- Tempered GPM Single Hole Bathroom Faucet with Pop-Up Drain Assembly,Faucet,Uncategorized,ea,,,,,https://www.fergusonhome.com/kohler-k-22022-4/s1515499?uid=3567943,,high,Product_Master_Catalog_v3.xlsx | Product_Master_Enhanced.xlsx | Product_Master_Refined.xlsx | Product_Master_Warehouse.xlsx | compiled_products_db.xlsx | normalized_products_db.xlsx | normalized_products_db_v2.xlsx | normalized_products_db_v2_cleaned_v3.xlsx,Product Library | Raw Extract | Raw Records | Product Master | Product Occurrences | Sheet1,11 | 27 | 127 | 128 | 129 | 9 | 60 | 68 | 88 | 90 | 91 | 92 | 47 | 214 | 49 | 57 | 99 | 14 | 28 | 63 | 82 | 17 | 59 | 72 | 349 | 444,1,1,1,0
Kohler,kohler,K-2209,K2209,"17"" Oval Undermount Bathroom Sink","17"" Oval Undermount Bathroom Sink -0 107.96500000000002",Uncategorized,ea,,,,,https://www.fergusonhome.com/kohler-k-2209/s560373?uid=220794,,high,Product_Master_Catalog_v3.xlsx | Product_Master_Enhanced.xlsx | Product_Master_Refined.xlsx | compiled_products_db.xlsx | normalized_products_db.xlsx | normalized_products_db_v2.xlsx | normalized_products_db_v2_cleaned_v3.xlsx,Product Library | Raw Extract | Raw Records | Product Master | Sheet1,12 | 26 | 130 | 131 | 8 | 269 | 93 | 13 | 16 | 883,1,1,1,0
Kohler,kohler,K-2210,K2210,(2) Caxton Oval Undermount Bathroom Sink with Overflow,Sink,Sink,ea,,,,,https://www.fergusonhome.com/kohler-k-2210/s559561?uid=220805,,high,Product_Master_Enhanced.xlsx | Product_Master_Refined.xlsx | Product_Master_Warehouse.xlsx | compiled_products_db.xlsx | normalized_products_db.xlsx | normalized_products_db_v2.xlsx | normalized_products_db_v2_cleaned_v3.xlsx,Product Library | Raw Records | Product Master | Raw Extract | Product Occurrences | Sheet1,132 | 133 | 59 | 67 | 193 | 94 | 48 | 56 | 62 | 58 | 443 | 750,1,1,1,0
Kohler,kohler,K22972,K22972,Faucet - Crue GPM Single Hole Pull Down Kitchen Faucet - Includes Escutcheon,Faucet - Crue 1.5 GPM Single Hole Pull Down Kitchen Faucet - Includes Escutcheon 500 575.179 517.869,Faucet,ea,,,,,https://www.fergusonhome.com/kohler-k-22972/s1730973?uid=4098135,,high,Product_Master_Enhanced.xlsx | Product_Master_Refined.xlsx | compiled_products_db.xlsx | normalized_products_db.xlsx | normalized_products_db_v2.xlsx | normalized_products_db_v2_cleaned_v3.xlsx,Product Library | Raw Records | Product Master | Raw Extract | Sheet1,186 | 128 | 141 | 124 | 98,1,1,1,0
Kohler,kohler,K-23292,K23292,Toilet Paper Holder,Toilet Paper Holder -BL 86.32800000000002,Toilet,ea,,,,,https://www.fergusonhome.com/kohler-k-23292/s1716146?uid=4161662,,high,Product_Master_Enhanced.xlsx | Product_Master_Refined.xlsx | compiled_products_db.xlsx | normalized_products_db.xlsx | normalized_products_db_v2.xlsx | normalized_products_db_v2_cleaned_v3.xlsx,Product Library | Raw Records | Product Master | Raw Extract | Sheet1,135 | 33 | 96 | 42 | 41,1,1,1,0
Kohler,kohler,K-23295,K23295,"24""Grab Bar","24""Grab Bar -BL 145.145",Hardware,ea,,,,,https://www.fergusonhome.com/kohler-k-23295/s1720990?uid=4118429,,high,Product_Master_Enhanced.xlsx | Product_Master_Refined.xlsx | compiled_products_db.xlsx | normalized_products_db.xlsx | normalized_products_db_v2.xlsx | normalized_products_db_v2_cleaned_v3.xlsx,Product Library | Raw Records | Product Master | Raw Extract | Sheet1,136 | 34 | 97 | 43 | 42,1,1,1,0
Kohler,kohler,K-26109,K26109,Bath Tub right Drain,Tub - Entity,Tub,ea,,,,,https://www.fergusonhome.com/kohler-k-26109-ra/s1699736?uid=4011572,,high,Product_Master_Enhanced.xlsx | Product_Master_Refined.xlsx | Product_Master_Warehouse.xlsx | compiled_products_db.xlsx | normalized_products_db.xlsx | normalized_products_db_v2.xlsx | normalized_products_db_v2_cleaned_v3.xlsx,Product Library | Raw Records | Product Master | Raw Extract | Product Occurrences | Sheet1,137 | 138 | 26 | 79 | 267 | 98 | 216 | 82 | 35 | 485 | 881,1,1,1,0
Kohler,kohler,K-26322,K26322,"Shower Fixture 15"" / Arm MODEL: -CP",,Shower,ea,,,,,https://www.fergusonhome.com/kohler-k-26322/s1816373?uid=4302982,,high,Product_Master_Enhanced.xlsx | Product_Master_Refined.xlsx | Product_Master_Warehouse.xlsx | compiled_products_db.xlsx | normalized_products_db.xlsx | normalized_products_db_v2.xlsx | normalized_products_db_v2_cleaned_v3.xlsx,Product Library | Raw Records | Product Master | Raw Extract | Product Occurrences | Sheet1,139 | 48 | 99 | 217 | 37 | 53 | 49,1,1,1,0
Kohler,kohler,K-26634,K26634,"24"" Towel Bar","24"" Towel Bar -BL 135.65200000000002 Noted Judy Picked up",Hardware,ea,,,,,https://www.fergusonhome.com/kohler-k-26634/s1715840?uid=4056148,,high,Product_Master_Enhanced.xlsx | Product_Master_Refined.xlsx | compiled_products_db.xlsx | normalized_products_db.xlsx | normalized_products_db_v2.xlsx | normalized_products_db_v2_cleaned_v3.xlsx,Product Library | Raw Records | Product Master | Raw Extract | Sheet1,140 | 31 | 100 | 40 | 39,1,1,1,0
Kohler,kohler,K-26636,K26636,Robe Hooks,Robe Hooks -BL 96.91 Left on office,,ea,,,,,https://www.fergusonhome.com/kohler-k-26636/s1714790?uid=4056139,,high,Product_Master_Enhanced.xlsx | Product_Master_Refined.xlsx | compiled_products_db.xlsx | normalized_products_db.xlsx | normalized_products_db_v2.xlsx | normalized_products_db_v2_cleaned_v3.xlsx,Product Library | Raw Records | Product Master | Raw Extract | Sheet1,141 | 32 | 101 | 41 | 40,1,1,1,0
Kohler,kohler,K-26801,K26801,Toilet Seat,,Toilet,ea,,,,,https://www.fergusonhome.com/kohler-k-26801/s1921483?uid=4539315,,high,Product_Master_Enhanced.xlsx | Product_Master_Refined.xlsx | Product_Master_Warehouse.xlsx | compiled_products_db.xlsx | normalized_products_db.xlsx | normalized_products_db_v2.xlsx | normalized_products_db_v2_cleaned_v3.xlsx,Product Library | Raw Records | Product Master | Raw Extract | Product Occurrences | Sheet1,142 | 143 | 82 | 192 | 102 | 218 | 85 | 77 | 67 | 749,1,1,1,0
Kohler,kohler,K-26802,K26802,Toilet Seat Impro Round,Toilet Seat - Round,Uncategorized,ea,,,,,https://www.fergusonhome.com/kohler-k-26802/s1921485?uid=4539318,,high,Product_Master_Catalog_v3.xlsx | Product_Master_Enhanced.xlsx | Product_Master_Refined.xlsx | Product_Master_Warehouse.xlsx | compiled_products_db.xlsx | normalized_products_db.xlsx | normalized_products_db_v2.xlsx | normalized_products_db_v2_cleaned_v3.xlsx,Product Library | Raw Extract | Raw Records | Product Master | Product Occurrences | Sheet1,13 | 24 | 144 | 145 | 6 | 57 | 63 | 66 | 103 | 35 | 46 | 52 | 55 | 11 | 14 | 428 | 436 | 442,2,2,1,0
Kohler,kohler,K-27118,K27118,Shower Set-up,,Shower,ea,,,,,https://www.fergusonhome.com/kohler-k-27118-g/s1865987?uid=4410726,,high,Product_Master_Enhanced.xlsx | Product_Master_Refined.xlsx | Product_Master_Warehouse.xlsx | compiled_products_db.xlsx | normalized_products_db.xlsx | normalized_products_db_v2.xlsx | normalized_products_db_v2_cleaned_v3.xlsx,Product Library | Raw Records | Product Master | Raw Extract | Product Occurrences | Sheet1,146 | 150 | 104 | 219 | 248 | 143 | 112,2,2,1,0
Kohler,kohler,K-27383,K27383,"(2) 18"" Towel Bar",,Hardware,ea,,,,,https://www.amazon.com/dp/B0BHTTQC9G?ref=ppx_yo2ov_dt_b_fed_asin_title&th=1,,high,Product_Master_Enhanced.xlsx | Product_Master_Refined.xlsx | Product_Master_Warehouse.xlsx | compiled_products_db.xlsx | normalized_products_db.xlsx | normalized_products_db_v2.xlsx | normalized_products_db_v2_cleaned_v3.xlsx,Product Library | Raw Records | Product Master | Raw Extract | Product Occurrences | Sheet1,147 | 142 | 105 | 220 | 238 | 138 | 107,1,1,1,0
Kohler,kohler,K-27388,K27388,(2) Faucet & Drain Kit Simplice,(2) Faucet & Drain Kit Simplice -4-BN 524.634,Faucet,ea,,,,,https://www.fergusonhome.com/kohler-k-27388-4/s1873551?uid=4428973,,high,Product_Master_Enhanced.xlsx | Product_Master_Refined.xlsx | compiled_products_db.xlsx | normalized_products_db.xlsx | normalized_products_db_v2.xlsx | normalized_products_db_v2_cleaned_v3.xlsx,Product Library | Raw Records | Product Master | Raw Extract | Sheet1,148 | 194 | 106 | 178 | 136,1,1,1,0
Kohler,kohler,K28563,K28563,Tub Spout,,Tub,ea,,,,,https://www.fergusonhome.com/kohler-k-28563/s1733720?uid=4101127,,high,Product_Master_Enhanced.xlsx | Product_Master_Refined.xlsx | Product_Master_Warehouse.xlsx | compiled_products_db.xlsx | normalized_products_db.xlsx | normalized_products_db_v2.xlsx | normalized_products_db_v2_cleaned_v3.xlsx,Product Library | Raw Records | Product Master | Raw Extract | Product Occurrences | Sheet1,189 | 171 | 144 | 236 | 270 | 160 | 123,1,1,1,0
Kohler,kohler,K-28876,K28876,Undermount Sink Single Bowl -NA,,Plumbing,ea,,,,,,,high,compiled_products_db.xlsx | normalized_products_db.xlsx | normalized_products_db_v2.xlsx | normalized_products_db_v2_cleaned_v3.xlsx,Sheet1,282 | 219,1,1,1,0
Kohler,kohler,K-30469,K30469,Kitchen Kitchen Faucet Rival -VS 600 Final,Kitchen Kitchen Faucet Rival -VS 600 315.22700000000003 Final,Plumbing,ea,,,,,,,high,compiled_products_db.xlsx | normalized_products_db.xlsx | normalized_products_db_v2.xlsx | normalized_products_db_v2_cleaned_v3.xlsx,Sheet1,27,1,1,1,0
Kohler,kohler,K-30811,K30811,Toilet Santa Rosa,Toilet Santa Rosa -0 512.897,Toilet,ea,,,,,https://www.fergusonhome.com/kohler-k-30811/s1886088?uid=4458444,,high,Product_Master_Enhanced.xlsx | Product_Master_Refined.xlsx | compiled_products_db.xlsx | normalized_products_db.xlsx | normalized_products_db_v2.xlsx | normalized_products_db_v2_cleaned_v3.xlsx,Product Library | Raw Records | Product Master | Raw Extract | Sheet1,149 | 27 | 212 | 107 | 36 | 779,2,2,1,0
Kohler,kohler,K-30919,K30919,Santa Rosa Left Lever,Santa Rosa Left Lever -L-BL 69.696,,ea,,,,,https://www.fergusonhome.com/kohler-k-30919-l/s1919646?uid=4534826,,high,Product_Master_Enhanced.xlsx | Product_Master_Refined.xlsx | compiled_products_db.xlsx | normalized_products_db.xlsx | normalized_products_db_v2.xlsx | normalized_products_db_v2_cleaned_v3.xlsx,Product Library | Raw Records | Product Master | Raw Extract | Sheet1,150 | 28 | 108 | 37,1,1,1,0
Kohler,kohler,K-31588,K31588,Toilet Bowl,,Toilet,ea,,,,,https://www.fergusonhome.com/kohler-k-31588/s1728651?uid=4091631,,high,Product_Master_Enhanced.xlsx | Product_Master_Refined.xlsx | Product_Master_Warehouse.xlsx | compiled_products_db.xlsx | normalized_products_db.xlsx | normalized_products_db_v2.xlsx | normalized_products_db_v2_cleaned_v3.xlsx,Product Library | Raw Records | Product Master | Raw Extract | Product Occurrences | Sheet1,151 | 148 | 109 | 221 | 246 | 142 | 111,1,1,1,0
Kohler,kohler,K-31589,K31589,Toilet Bowl - Round,,Toilet,ea,,,,,https://www.fergusonhome.com/kohler-k-31589/s1764154?uid=4181546,,high,Product_Master_Enhanced.xlsx | Product_Master_Refined.xlsx | Product_Master_Warehouse.xlsx | compiled_products_db.xlsx | normalized_products_db.xlsx | normalized_products_db_v2.xlsx | normalized_products_db_v2_cleaned_v3.xlsx,Product Library | Raw Records | Product Master | Raw Extract | Product Occurrences | Sheet1,152 | 55 | 61 | 64 | 110 | 36 | 44 | 50 | 53 | 60 | 56 | 434 | 440,2,2,1,0
Kohler,kohler,K-31620,K31620,Toilet - elongated Chair Height,,Toilet,ea,,,,,https://www.fergusonhome.com/kohler-k-31620/s1808775?uid=4283423,,high,Product_Master_Enhanced.xlsx | Product_Master_Refined.xlsx | Product_Master_Warehouse.xlsx | compiled_products_db.xlsx | normalized_products_db.xlsx | normalized_products_db_v2.xlsx | normalized_products_db_v2_cleaned_v3.xlsx,Product Library | Raw Records | Product Master | Raw Extract | Product Occurrences | Sheet1,154 | 155 | 156 | 157 | 81 | 147 | 149 | 191 | 112 | 20 | 84 | 245 | 247 | 76 | 66 | 705 | 706 | 748,1,1,1,0
Kohler,kohler,K-31640,K31640,Toilet Ciminron Round Chair Height,Add-ON Toilet Ciminron 1.6 Round Chair Height -0 425.08400000000006,Uncategorized,ea,,,,,https://www.fergusonhome.com/kohler-k-31640/s1808951?uid=4283712,,high,Product_Master_Catalog_v3.xlsx | Product_Master_Enhanced.xlsx | Product_Master_Refined.xlsx | compiled_products_db.xlsx | normalized_products_db.xlsx | normalized_products_db_v2.xlsx | normalized_products_db_v2_cleaned_v3.xlsx,Product Library | Raw Extract | Raw Records | Product Master | Sheet1,14 | 23 | 158 | 5 | 113 | 10 | 13,1,1,1,0
Kohler,kohler,K-35934,K35934,TP Holder,,,ea,,,,,https://www.fergusonhome.com/kohler-k-35934/s2026376?uid=4853029,,high,Product_Master_Enhanced.xlsx | Product_Master_Refined.xlsx | Product_Master_Warehouse.xlsx | compiled_products_db.xlsx | normalized_products_db.xlsx | normalized_products_db_v2.xlsx | normalized_products_db_v2_cleaned_v3.xlsx,Product Library | Raw Records | Product Master | Raw Extract | Product Occurrences | Sheet1,159 | 155 | 114 | 222 | 253 | 147 | 115,1,1,1,0
Kohler,kohler,K-35953,K35953,Faucet Wide Spread or Single Match vanity top,,Faucet,ea,,,,,https://www.fergusonhome.com/kohler-k-35953-4/s1979782?uid=4852964&searchId=qhFj6cZz3O,,high,Product_Master_Enhanced.xlsx | Product_Master_Refined.xlsx | Product_Master_Warehouse.xlsx | compiled_products_db.xlsx | normalized_products_db.xlsx | normalized_products_db_v2.xlsx | normalized_products_db_v2_cleaned_v3.xlsx,Product Library | Raw Records | Product Master | Raw Extract | Product Occurrences | Sheet1,160 | 144 | 115 | 223 | 241 | 140 | 109,1,1,1,0
Kohler,kohler,K-37889,K37889,(1) Faucet & Drain Kit,(1) Faucet & Drain Kit -4-BL 481.94300000000004,Faucet,ea,,,,,https://www.fergusonhome.com/kohler-k-37889-4/s2068233?uid=5034096,,high,Product_Master_Enhanced.xlsx | Product_Master_Refined.xlsx | compiled_products_db.xlsx | normalized_products_db.xlsx | normalized_products_db_v2.xlsx | normalized_products_db_v2_cleaned_v3.xlsx,Product Library | Raw Records | Product Master | Raw Extract | Sheet1,161 | 30 | 116 | 39 | 38,1,1,1,0
Kohler,kohler,K37891,K37891,Faucet with Drain,,Faucet,ea,,,,,https://www.fergusonhome.com/kohler-k-37891-4/s2060938?uid=5032946,,high,Product_Master_Enhanced.xlsx | Product_Master_Refined.xlsx | Product_Master_Warehouse.xlsx | compiled_products_db.xlsx | normalized_products_db.xlsx | normalized_products_db_v2.xlsx | normalized_products_db_v2_cleaned_v3.xlsx,Product Library | Raw Records | Product Master | Raw Extract | Product Occurrences | Sheet1,192 | 175 | 147 | 240 | 274 | 164 | 127,1,1,1,0
Kohler,kohler,K-706015,K706015,"Levity 74"" High x 59 /8"" Wide Bypass Frameless Shower Door with Clear Glass",Shower Door,Uncategorized,ea,,,black,black,https://www.fergusonhome.com/kohler-k-706015-l/s847083?uid=2180321,,high,Product_Master_Catalog_v3.xlsx | Product_Master_Enhanced.xlsx | Product_Master_Refined.xlsx | Product_Master_Warehouse.xlsx | compiled_products_db.xlsx | normalized_products_db.xlsx | normalized_products_db_v2.xlsx | normalized_products_db_v2_cleaned_v3.xlsx,Product Library | Raw Extract | Raw Records | Product Master | Product Occurrences | Sheet1,21 | 38 | 162 | 163 | 17 | 115 | 117 | 118 | 224 | 193 | 22 | 112 | 23 | 91,1,1,1,1
Kohler,kohler,K-728,K728,Shower Diverter Valve,,Shower,ea,,,,,https://www.fergusonhome.com/kohler-k-728-k/s563836?uid=1253173,,high,Product_Master_Enhanced.xlsx | Product_Master_Refined.xlsx | Product_Master_Warehouse.xlsx | compiled_products_db.xlsx | normalized_products_db.xlsx | normalized_products_db_v2.xlsx | normalized_products_db_v2_cleaned_v3.xlsx,Product Library | Raw Records | Product Master | Raw Extract | Product Occurrences | Sheet1,164 | 53 | 119 | 225 | 42 | 58 | 54,1,1,1,0
Kohler,kohler,K-737,K737,Shower Diverter Valve,Chrome Shower Diverter Valve -K-NA 228.78900000000002,Shower,ea,,,chrome,chrome,https://www.fergusonhome.com/kohler-k-8304-ks/s1251522?uid=2992369,,high,Product_Master_Enhanced.xlsx | Product_Master_Refined.xlsx | compiled_products_db.xlsx | normalized_products_db.xlsx | normalized_products_db_v2.xlsx | normalized_products_db_v2_cleaned_v3.xlsx,Product Library | Raw Records | Product Master | Raw Extract | Sheet1,165 | 205 | 120 | 188 | 140,1,1,1,1
Kohler,kohler,K-76464,K76464,"Shower Fixture / 8"" Rain Head",,Shower,ea,,,,,https://www.fergusonhome.com/kohler-k-76464-y/s1882332?uid=4453295,,high,Product_Master_Enhanced.xlsx | Product_Master_Refined.xlsx | Product_Master_Warehouse.xlsx | compiled_products_db.xlsx | normalized_products_db.xlsx | normalized_products_db_v2.xlsx | normalized_products_db_v2_cleaned_v3.xlsx,Product Library | Raw Records | Product Master | Raw Extract | Product Occurrences | Sheet1,166 | 47 | 121 | 226 | 36 | 52 | 48,1,1,1,0
Kohler,kohler,K-8304,K8304,Shower Fixures / Valve,,Shower,ea,,,,,https://www.fergusonhome.com/kohler-k-8304-ks/s1251522?uid=2992369,,high,Product_Master_Enhanced.xlsx | Product_Master_Refined.xlsx | Product_Master_Warehouse.xlsx | compiled_products_db.xlsx | normalized_products_db.xlsx | normalized_products_db_v2.xlsx | normalized_products_db_v2_cleaned_v3.xlsx,Product Library | Raw Records | Product Master | Raw Extract | Product Occurrences | Sheet1,167 | 168 | 46 | 152 | 190 | 122 | 27 | 35 | 250 | 51 | 47 | 707 | 747,1,1,1,0
Kohler,kohler,K-9660,K9660,Shower Vacumn,,Shower,ea,,,,,https://www.fergusonhome.com/kohler-k-9660/s564929?uid=176525,,high,Product_Master_Enhanced.xlsx | Product_Master_Refined.xlsx | Product_Master_Warehouse.xlsx | compiled_products_db.xlsx | normalized_products_db.xlsx | normalized_products_db_v2.xlsx | normalized_products_db_v2_cleaned_v3.xlsx,Product Library | Raw Records | Product Master | Raw Extract | Product Occurrences | Sheet1,169 | 51 | 125 | 227 | 40 | 56 | 52,1,1,1,0
Kohler,kohler,K-98350,K98350,Shower Elbow Awaken,,Shower,ea,,,,,https://www.fergusonhome.com/kohler-k-98350/s946764?uid=2359596,,high,Product_Master_Enhanced.xlsx | Product_Master_Refined.xlsx | Product_Master_Warehouse.xlsx | compiled_products_db.xlsx | normalized_products_db.xlsx | normalized_products_db_v2.xlsx | normalized_products_db_v2_cleaned_v3.xlsx,Product Library | Raw Records | Product Master | Raw Extract | Product Occurrences | Sheet1,170 | 50 | 126 | 228 | 39 | 55 | 51,1,1,1,0
Kohler,kohler,K-99007,K99007,"Lighted Medicine Cabinets - Over Sinks (2) 24""x30""","Lighted Medicine Cabinets - Over Sinks (2) 24""x30"" -TLC-NA 2349.38 1.0",Sink,ea,,,,,https://www.fergusonhome.com/kohler-k-99007-tlc/s1533945?uid=3597983,,high,Product_Master_Enhanced.xlsx | Product_Master_Refined.xlsx | compiled_products_db.xlsx | normalized_products_db.xlsx | normalized_products_db_v2.xlsx | normalized_products_db_v2_cleaned_v3.xlsx,Product Library | Raw Records | Product Master | Raw Extract | Sheet1,171 | 224 | 127 | 204 | 142,1,1,1,0
Kohler,kohler,K-99242,K99242,Shoer - Awaken Handshower Kit,,Shower,ea,,,,,https://www.fergusonhome.com/kohler-k-99242-y/s1888445?uid=4466346,,high,Product_Master_Enhanced.xlsx | Product_Master_Refined.xlsx | Product_Master_Warehouse.xlsx | compiled_products_db.xlsx | normalized_products_db.xlsx | normalized_products_db_v2.xlsx | normalized_products_db_v2_cleaned_v3.xlsx,Product Library | Raw Records | Product Master | Raw Extract | Product Occurrences | Sheet1,172 | 49 | 128 | 229 | 38 | 54 | 50,1,1,1,0
Kohler,kohler,K-R27240,KR27240,Grab Bar,Grab Bar -BN 45.52995 Left on office,Hardware,ea,,,,nickel,https://www.homedepot.com/p/KOHLER-Rubicon-9-in-Grab-Bar-in-Vibrant-Brushed-Nickel-K-R27240-BN/312230844,,high,Product_Master_Enhanced.xlsx | Product_Master_Refined.xlsx | compiled_products_db.xlsx | normalized_products_db.xlsx | normalized_products_db_v2.xlsx | normalized_products_db_v2_cleaned_v3.xlsx,Product Library | Raw Records | Product Master | Raw Extract | Sheet1,173 | 199 | 129 | 182 | 137,1,1,1,1
Kohler,kohler,K-R27241,KR27241,"Grab Bars 16"" Vertical at Entrance of Shower",,Shower,ea,,,black,black,https://www.homedepot.com/p/KOHLER-Rubicon-16-in-Grab-Bar-in-Matte-Black-K-R27241-BL/312230831,,high,Product_Master_Enhanced.xlsx | Product_Master_Refined.xlsx | Product_Master_Warehouse.xlsx | compiled_products_db.xlsx | normalized_products_db.xlsx | normalized_products_db_v2.xlsx | normalized_products_db_v2_cleaned_v3.xlsx,Product Library | Raw Records | Product Master | Raw Extract | Product Occurrences | Sheet1,174 | 175 | 122 | 179 | 130 | 28 | 201 | 283 | 119 | 95 | 732,1,1,1,1
Kohler,kohler,K-R27242,KR27242,"Grab Bar 24"" Hortizial undeer window",,Hardware,ea,,,black,black,https://www.homedepot.com/p/KOHLER-Rubicon-24-in-Grab-Bar-in-Matte-Black-K-R27242-BL/313609400#overlay,,high,Product_Master_Enhanced.xlsx | Product_Master_Refined.xlsx | Product_Master_Warehouse.xlsx | compiled_products_db.xlsx | normalized_products_db.xlsx | normalized_products_db_v2.xlsx | normalized_products_db_v2_cleaned_v3.xlsx,Product Library | Raw Records | Product Master | Raw Extract | Product Occurrences | Sheet1,176 | 177 | 123 | 178 | 131 | 132 | 29 | 202 | 282 | 120 | 167 | 96 | 731,1,1,1,1
Kohler,kohler,K-T23509,KT23509,Shower Diverter,Shower Diverter -4-CP 165.726,Shower,ea,,,,,https://www.fergusonhome.com/kohler-k-t23509-4/s1742706?uid=4148210,,high,Product_Master_Enhanced.xlsx | Product_Master_Refined.xlsx | compiled_products_db.xlsx | normalized_products_db.xlsx | normalized_products_db_v2.xlsx | normalized_products_db_v2_cleaned_v3.xlsx,Product Library | Raw Records | Product Master | Raw Extract | Sheet1,178 | 204 | 133 | 187 | 139,1,1,1,0
Kohler,kohler,K-T97091,KT97091,Shower Diverter Trim,,Shower,ea,,,,,https://www.fergusonhome.com/kohler-k-t97091-4/s1649335?uid=4013737,,high,Product_Master_Enhanced.xlsx | Product_Master_Refined.xlsx | Product_Master_Warehouse.xlsx | compiled_products_db.xlsx | normalized_products_db.xlsx | normalized_products_db_v2.xlsx | normalized_products_db_v2_cleaned_v3.xlsx,Product Library | Raw Records | Product Master | Raw Extract | Product Occurrences | Sheet1,179 | 52 | 134 | 230 | 41 | 57 | 53,1,1,1,0
Kohler,kohler,K-T99763,KT99763,Tub Shower Trim,Bathroom Plumbing Tub Shower Trim -4G-BL 584.4630000000001,Shower,ea,,,,,https://www.fergusonhome.com/kohler-k-t99763-4g/s1682561?uid=4326090,,high,Product_Master_Enhanced.xlsx | Product_Master_Refined.xlsx | compiled_products_db.xlsx | normalized_products_db.xlsx | normalized_products_db_v2.xlsx | normalized_products_db_v2_cleaned_v3.xlsx,Product Library | Raw Records | Product Master | Raw Extract | Sheet1,180 | 23 | 135 | 32 | 33,1,1,1,0
Kohler,kohler,K-TS23501,KTS23501,Shower Handle Trim,Bathroom Plumbing Shower Handle Trim -4-CP 259.633 2661.83,Shower,ea,,,,,https://www.fergusonhome.com/kohler-k-ts23501-4/s1756423?uid=4157321,,high,Product_Master_Enhanced.xlsx | Product_Master_Refined.xlsx | compiled_products_db.xlsx | normalized_products_db.xlsx | normalized_products_db_v2.xlsx | normalized_products_db_v2_cleaned_v3.xlsx,Product Library | Raw Records | Product Master | Raw Extract | Sheet1,181 | 202 | 136 | 185 | 138,1,1,1,0
Kohler,kohler,K-TS27043,KTS27043,Shower Trim,,Shower,ea,,,,,https://www.fergusonhome.com/kohler-k-ts27043-4/s1854449?uid=4388935,,high,Product_Master_Enhanced.xlsx | Product_Master_Refined.xlsx | Product_Master_Warehouse.xlsx | compiled_products_db.xlsx | normalized_products_db.xlsx | normalized_products_db_v2.xlsx | normalized_products_db_v2_cleaned_v3.xlsx,Product Library | Raw Records | Product Master | Raw Extract | Product Occurrences | Sheet1,182 | 151 | 137 | 231 | 249 | 144 | 113,2,1,1,0
Kohler,kohler,K-TS27392,KTS27392,"Shower Head, Trim & Arm","Shower Head, Trim & Arm -4G-BN 151.69",Shower,ea,,,,,https://www.fergusonhome.com/kohler-k-ts27392-4g/s1866401?uid=4428129,,high,Product_Master_Enhanced.xlsx | Product_Master_Refined.xlsx | compiled_products_db.xlsx | normalized_products_db.xlsx | normalized_products_db_v2.xlsx | normalized_products_db_v2_cleaned_v3.xlsx,Product Library | Raw Records | Product Master | Raw Extract | Sheet1,183 | 189 | 138 | 177 | 135,1,1,1,0
Kohler,kohler,K-TS74042,KTS74042,Shower Fixures / Trim,,Shower,ea,,,,,https://www.fergusonhome.com/kohler-k-ts74042-4/s1657688?uid=3935114,,high,Product_Master_Enhanced.xlsx | Product_Master_Refined.xlsx | Product_Master_Warehouse.xlsx | compiled_products_db.xlsx | normalized_products_db.xlsx | normalized_products_db_v2.xlsx | normalized_products_db_v2_cleaned_v3.xlsx,Product Library | Raw Records | Product Master | Raw Extract | Product Occurrences | Sheet1,184 | 45 | 139 | 232 | 34 | 50 | 46,1,1,1,0
Kohler,kohler,R31058,R31058,"24"" Sundae Towel Bar",,Hardware,ea,,,black,black,https://www.homedepot.com/p/KOHLER-Sundae-24-in-Wall-Mounted-Towel-Bar-in-Matte-Black-R31058-BL/322230892,,high,Product_Master_Enhanced.xlsx | Product_Master_Refined.xlsx | Product_Master_Warehouse.xlsx | compiled_products_db.xlsx | normalized_products_db.xlsx | normalized_products_db_v2.xlsx | normalized_products_db_v2_cleaned_v3.xlsx,Product Library | Raw Records | Product Master | Raw Extract | Product Occurrences | Sheet1,229 | 180 | 179 | 285 | 284 | 168 | 131,1,1,1,1
Kohler,kohler,R31059,R31059,"Sundae 18"" Towel bar",,Hardware,ea,,,black,black,https://www.homedepot.com/p/KOHLER-Sundae-18-in-Wall-Mounted-Towel-Bar-in-Matte-Black-R31059-BL/322230895,,high,Product_Master_Enhanced.xlsx | Product_Master_Refined.xlsx | Product_Master_Warehouse.xlsx | compiled_products_db.xlsx | normalized_products_db.xlsx | normalized_products_db_v2.xlsx | normalized_products_db_v2_cleaned_v3.xlsx,Product Library | Raw Records | Product Master | Raw Extract | Product Occurrences | Sheet1,230 | 181 | 180 | 286 | 285 | 169 | 132,1,1,1,1
Kohler,kohler,R31060,R31060,Sundae Toilet Paper Holder,,Toilet,ea,,,black,black,https://www.homedepot.com/p/KOHLER-Sundae-Toilet-Paper-Holder-in-Matte-Black-R31060-BL/322231032,,high,Product_Master_Enhanced.xlsx | Product_Master_Refined.xlsx | Product_Master_Warehouse.xlsx | compiled_products_db.xlsx | normalized_products_db.xlsx | normalized_products_db_v2.xlsx | normalized_products_db_v2_cleaned_v3.xlsx,Product Library | Raw Records | Product Master | Raw Extract | Product Occurrences | Sheet1,231 | 182 | 181 | 287 | 286 | 170 | 133,1,1,1,1
Kohler,kohler,R31062,R31062,(3) Hooks two for bath - one for hand towel,,,ea,,,black,black,https://www.homedepot.com/p/KOHLER-Sundae-J-Shaped-Robe-Hook-in-Matte-Black-R31062-BL/322233200?MERCH=REC-_-pipcollection-_-322231032-_-1-_-n/a-_-n/a-_-n/a-_-n/a-_-n/a,,high,Product_Master_Enhanced.xlsx | Product_Master_Refined.xlsx | Product_Master_Warehouse.xlsx | compiled_products_db.xlsx | normalized_products_db.xlsx | normalized_products_db_v2.xlsx | normalized_products_db_v2_cleaned_v3.xlsx,Product Library | Raw Records | Product Master | Raw Extract | Product Occurrences | Sheet1,232 | 154 | 182 | 288 | 252 | 146 | 114,1,1,1,1
Kohler,kohler,R38343,R38343,Shower Door - Swing brushed Nickel,Shower Door - Swing brushed Nickel 600 550.3325,Plumbing,ea,,,brushed nickel,brushed nickel,https://www.homedepot.com/p/KOHLER-Ashan-32-36-in-W-x-70-in-H-Frameless-Pivot-Shower-Door-in-Brushed-Nickel-with-1-4-in-Thick-Crystal-Clear-Glass-R38343-6L-BNK/333388627,,high,compiled_products_db.xlsx | normalized_products_db.xlsx | normalized_products_db_v2.xlsx | normalized_products_db_v2_cleaned_v3.xlsx,Sheet1,237 | 166,1,1,1,1
Kohler,kohler,SC03,SC03,Vanity Light,,Lighting,ea,,,,,https://www.fergusonhome.com/kohler-lighting-26848-sc03/s1892805?uid=4476255,,high,Product_Master_Enhanced.xlsx | Product_Master_Refined.xlsx | Product_Master_Warehouse.xlsx | compiled_products_db.xlsx,Product Library | Raw Records | Product Master | Raw Extract | Product Occurrences | Sheet1,31 | 86 | 30 | 88 | 96 | 81,1,1,1,0
LifeProof,lifeproof,ANTLERTRAIL210SQFT,ANTLERTRAIL210SQFT,LVT Flooring,,Master Bathroom LVP,ea,,,,,,,high,,John Daye 39938-CJC,26,1,1,1,0
Lifeproof,lifeproof,B47,B47,LVP Flooring Walnut Glen 24 SQ FT,LVP Flooring Walnut Glen 24 SQ FT 67400.500.07B47 200 166 138.12699999999998 Home Depot,,sqft,,,,,https://www.homedepot.com/p/Lifeproof-Walnut-Glen-22-MIL-x-7-4-in-W-x-47-8-L-Waterproof-Click-Lock-Luxury-Vinyl-Plank-Flooring-19-8-sqft-case-67400-500-07B47/328123953,,high,compiled_products_db.xlsx,Sheet1,155,1,1,0,0
Lifeproof,lifeproof,I06204LP,I06204LP,LVT Floor Tile - Dusk Cherry,LVT Floor Tile - Dusk Cherry 193.061,Flooring,ea,,,,,https://www.homedepot.com/p/Lifeproof-Dusk-Cherry-22-MIL-x-8-7-in-W-x-48-in-L-Click-Lock-Waterproof-Luxury-Vinyl-Plank-Flooring-20-1-sqft-case-I06204LP/311573441,,high,compiled_products_db.xlsx | normalized_products_db.xlsx | normalized_products_db_v2.xlsx | normalized_products_db_v2_cleaned_v3.xlsx,Sheet1,26,1,1,1,0
Lifeproof,lifeproof,I228133LX,I228133LX,EnSuite Bath LVP L.P. Shallowford Oak 41 SQ FT,EnSuite Bath LVP L.P. Shallowford Oak 41 SQ FT 300 160 179.45685,Flooring,sqft,,,,,https://www.homedepot.com/p/Lifeproof-Shallowford-Oak-22-MIL-x-8-7-in-W-x-59-in-L-Click-Lock-Waterproof-Luxury-Vinyl-Plank-Flooring-25-sq-ft-case-I228133LX/327715775,,high,compiled_products_db.xlsx | normalized_products_db.xlsx | normalized_products_db_v2.xlsx | normalized_products_db_v2_cleaned_v3.xlsx,Sheet1,173 | 69 | 734,1,1,1,0
Lifeproof,lifeproof,I233111L,I233111L,LVT LVT Flooring Pinecrest Place Oak 792 SQ FT,LVT LVT Flooring Pinecrest Place Oak 792 SQ FT 3500 2512.4 3193.35335,Flooring,sqft,,,,,https://www.homedepot.com/p/Lifeproof-Pinecrest-Place-Oak-22-MIL-x-8-7-in-W-x-48-in-L-Click-Lock-Waterproof-Luxury-Vinyl-Plank-Flooring-20-1-sq-ft-case-I233111L/327716118,,high,compiled_products_db.xlsx | normalized_products_db.xlsx | normalized_products_db_v2.xlsx | normalized_products_db_v2_cleaned_v3.xlsx,Sheet1,102 | 88,1,1,1,0
Lifeproof,lifeproof,I966106LP,I966106LP,LVP- floor,LVP- floor 500 127.74 Lou order,Flooring,ea,,,,,https://www.homedepot.com/p/Lifeproof-Sterling-Oak-22-MIL-x-8-7-in-W-x-48-in-L-Click-Lock-Waterproof-Luxury-Vinyl-Plank-Flooring-20-1-sqft-case-I966106LP/309083456,,high,compiled_products_db.xlsx | normalized_products_db.xlsx | normalized_products_db_v2.xlsx | normalized_products_db_v2_cleaned_v3.xlsx,Sheet1,87 | 75,1,1,1,0
Lifeproof,lifeproof,IT13126L,IT13126L,Flooring LP - Navarra Maple 622 + 111 733 SQ FT,Flooring LP - Navarra Maple 622 + 111 733 SQ FT 2600 2515.6975249999996 4759.14,Flooring,sqft,,,,,https://www.homedepot.com/p/Lifeproof-Navarra-Maple-22-mil-x-8-7-in-W-x-48-in-L-Click-Lock-Waterproof-Luxury-Vinyl-Plank-Flooring-20-1-sq-ft-case-IT13126L/325477212,,high,compiled_products_db.xlsx | normalized_products_db.xlsx | normalized_products_db_v2.xlsx | normalized_products_db_v2_cleaned_v3.xlsx,Sheet1,127 | 101,1,1,1,0
LifeProof,lifeproof,SI2103090L,SI2103090L,LVT Flooring (5),Hall Bath LVT LVT Flooring (5) 300 272.536 344.658 Mountain Brook Marble,Hall Bath LVT,ea,,,,,,,high,compiled_products_db.xlsx | normalized_products_db.xlsx | normalized_products_db_v2.xlsx | normalized_products_db_v2_cleaned_v3.xlsx,John Daye 39938-CJC | Sheet1,74 | 94 | 84,1,1,1,0
Lifeproof,lifeproof,SI992101L,SI992101L,Life Proof Flooring - 50 SQ FT Feldstar Onxy 12x24 - (1) T-Strip EST,Life Proof Flooring - 50 SQ FT Feldstar Onxy 12x24 - (1) T-Strip EST SKU: 1012460766 218.81654999999998,Flooring,sqft,,,,,https://www.homedepot.com/p/Lifeproof-Feldspar-Onyx-22-MIL-x-11-9-in-W-x-23-8-in-L-Click-Lock-Waterproof-Vinyl-Tile-Flooring-17-7-sq-ft-Case-SI992101L/331922386,,high,compiled_products_db.xlsx | normalized_products_db.xlsx | normalized_products_db_v2.xlsx | normalized_products_db_v2_cleaned_v3.xlsx,Sheet1,253 | 178,1,1,1,0
LifeProof,lifeproof,V4N1H-08542,V4N1H08542,T-Strip (1),,Hall Bath LVT,ea,,,,,,,high,,John Daye 39938-CJC,75,1,1,1,0
Miseno,miseno,MNO311LCP,MNO311LCP,Bella GPM Widespread Bathroom Faucet with Pop-Up Drain Assembly Model,,Faucet,ea,,,,,https://www.fergusonhome.com/miseno-mno311l/s1963380?uid=4644130,,high,Product_Master_Refined.xlsx,Product Master | Raw Extract,167 | 277,1,1,1,0
Moen,moen,8371HD,8371HD,Valve - Posi,,Shower Valve,ea,,,,,https://www.fergusonhome.com/moen-8371hd/s357671?uid=1908313,,high,Product_Master_Enhanced.xlsx | Product_Master_Refined.xlsx | Product_Master_Warehouse.xlsx,Product Library | Raw Records | Product Master | Raw Extract | Product Occurrences,61 | 78 | 55 | 118 | 81,1,1,1,0
Moen,moen,A725ORB,A725ORB,Shower Wall Elbow Supply,Shower Wall Elbow Supply 72.776,Shower,ea,,,,,https://www.fergusonhome.com/moen-a725/s415773?uid=1030244,,high,Product_Master_Enhanced.xlsx | Product_Master_Refined.xlsx | compiled_products_db.xlsx | normalized_products_db.xlsx | normalized_products_db_v2.xlsx | normalized_products_db_v2_cleaned_v3.xlsx,Product Library | Raw Records | Product Master | Raw Extract | Sheet1,70 | 231 | 63 | 211 | 148,1,1,1,0
Moen,moen,B01H1SOC02,B01H1SOC02,Faucet & Drain Kit,Faucet & Drain Kit M6802BN 209.3555 Amazon,,ea,,,,,https://www.amazon.com/gp/product/B01H1SOC02/ref=ox_sc_act_title_1?smid=ATVPDKIKX0DER&th=1,,high,compiled_products_db.xlsx,Sheet1,243,1,1,0,0
Moen,moen,B074K731S9,B074K731S9,Tub Spout,Tub Spout M3839BN 74.681675,Plumbing,ea,,,,nickel,https://www.amazon.com/Moen-3839BN-Rizon-Brushed-Nickel/dp/B074K731S9/ref=sr_1_4?crid=XZNZBN2CGIQ7&dib=eyJ2IjoiMSJ9.utzQ0UX5_wgBIDFSQOysdYhZajZDRW4ebHT3KUUv5-w.mRga2qlPaSVp3phWEq4AEg59eJ9NuKQleDuovA5je74&dib_tag=se&keywords=3839bn&qid=1772131720&s=hi&sprefix=3839bn%2Ctools%2C176&sr=1-4&th=1,,high,compiled_products_db.xlsx | normalized_products_db.xlsx | normalized_products_db_v2.xlsx | normalized_products_db_v2_cleaned_v3.xlsx,Sheet1,244 | 173,1,1,1,1
Moen,moen,B07979FN76,B07979FN76,Shower Head M3662,Shower Head M3662EPBN 201.5182,Plumbing,ea,,,,,https://www.amazon.com/Moen-3662EPBN-Magnetix-Six-Function-Showerhead/dp/B07979FN76?ref_=pb_hm_dp,,high,compiled_products_db.xlsx | normalized_products_db.xlsx | normalized_products_db_v2.xlsx | normalized_products_db_v2_cleaned_v3.xlsx,Sheet1,240 | 170,1,1,1,0
Moen,moen,C5BL,C5BL,Shower Head - Magnitic,,Shower,ea,,,,,https://www.fergusonhome.com/moen-220c5/s1965009?uid=4649838,,high,Product_Master_Enhanced.xlsx | Product_Master_Refined.xlsx | Product_Master_Warehouse.xlsx,Product Library | Raw Records | Product Master | Raw Extract | Product Occurrences,26 | 110 | 24 | 84 | 188,1,1,1,0
Moen,moen,DN2170BN,DN2170BN,Curved Shower Rod M,Curved Shower Rod MDN2170BN 47.036 Ferguson,Plumbing,ea,,,,,https://www.amazon.com/Moen-DN2170BN-DN2170-Tension-Curved/dp/B0BP3S294G?ref_=pb_hm_dp,,high,compiled_products_db.xlsx | normalized_products_db.xlsx | normalized_products_db_v2.xlsx | normalized_products_db_v2_cleaned_v3.xlsx,Sheet1,246 | 174,1,1,1,0
Moen,moen,LR2352DBN,LR2352DBN,"T.P. 7 /8"" x 1"" Grab Bar with Integrated Tissue Holder from the Home Care Collection","T.P. 7-5/8"" x 1"" Grab Bar with Integrated Tissue Holder from the Home Care Collection 64.37200000000001",Uncategorized,ea,,,,,https://www.fergusonhome.com/moen-lr2352d/s591174?uid=1748229,,high,Product_Master_Catalog_v3.xlsx | Product_Master_Enhanced.xlsx | Product_Master_Refined.xlsx | compiled_products_db.xlsx | normalized_products_db.xlsx | normalized_products_db_v2.xlsx | normalized_products_db_v2_cleaned_v3.xlsx,Product Library | Raw Extract | Raw Records | Product Master | Sheet1,15 | 37 | 195 | 16 | 151 | 21 | 22,1,1,1,0
Moen,moen,M164745ORB,M164745ORB,Shower Arm Flange,Shower Arm Flange 19.657,Shower,ea,,,,,https://www.fergusonhome.com/moen-164745/s849728?uid=2175845,,high,Product_Master_Enhanced.xlsx | Product_Master_Refined.xlsx | compiled_products_db.xlsx | normalized_products_db.xlsx | normalized_products_db_v2.xlsx | normalized_products_db_v2_cleaned_v3.xlsx,Product Library | Raw Records | Product Master | Raw Extract | Sheet1,198 | 229 | 154 | 209 | 146,1,1,1,0
Moen,moen,M2570,M2570,Shower Valve - posi temp,,Shower,ea,,,,,https://www.fergusonhome.com/moen-2570/s136731?uid=2553010,,high,Product_Master_Enhanced.xlsx | Product_Master_Refined.xlsx | Product_Master_Warehouse.xlsx | compiled_products_db.xlsx | normalized_products_db.xlsx | normalized_products_db_v2.xlsx | normalized_products_db_v2_cleaned_v3.xlsx,Product Library | Raw Records | Product Master | Raw Extract | Product Occurrences | Sheet1,199 | 100 | 155 | 252 | 169 | 99 | 87,1,1,1,0
Moen,moen,M3662EPBN,M3662EPBN,Shower Head,,Shower,ea,,,,,https://www.amazon.com/Moen-3662EPBN-Magnetix-Six-Function-Showerhead/dp/B07979FN76?ref_=pb_hm_dp,,high,Product_Master_Enhanced.xlsx | Product_Master_Refined.xlsx,Product Library | Raw Records | Product Master | Raw Extract,200 | 265 | 156,1,1,1,0
Moen,moen,M3667EPORB,M3667EPORB,Shower Handheld w/Slide Bar,Shower Handheld w/Slide Bar 535.502,Shower,ea,,,,,https://www.fergusonhome.com/moen-3667ep/s870602?uid=2223440,,high,Product_Master_Enhanced.xlsx | Product_Master_Refined.xlsx | compiled_products_db.xlsx | normalized_products_db.xlsx | normalized_products_db_v2.xlsx | normalized_products_db_v2_cleaned_v3.xlsx,Product Library | Raw Records | Product Master | Raw Extract | Sheet1,201 | 230 | 157 | 210 | 147,1,1,1,0
Moen,moen,M3839BN,M3839BN,Tub Spout,,Tub,ea,,,,,https://www.amazon.com/Moen-3839BN-Rizon-Brushed-Nickel/dp/B074K731S9/ref=sr_1_4?crid=XZNZBN2CGIQ7&dib=eyJ2IjoiMSJ9.utzQ0UX5_wgBIDFSQOysdYhZajZDRW4ebHT3KUUv5-w.mRga2qlPaSVp3phWEq4AEg59eJ9NuKQleDuovA5je74&dib_tag=se&keywords=3839bn&qid=1772131720&s=hi&sprefix=3839bn%2Ctools%2C176&sr=1-4&th=1,,high,Product_Master_Enhanced.xlsx | Product_Master_Refined.xlsx,Product Library | Raw Records | Product Master | Raw Extract,203 | 271 | 159,1,1,1,0
Moen,moen,M62370,M62370,Shower Valve,Brushed Nickel Shower Valve 135.63,Shower,ea,,,brushed nickel,brushed nickel,https://www.fergusonhome.com/moen-62370/s283533?uid=268103,,high,Product_Master_Enhanced.xlsx | Product_Master_Refined.xlsx | compiled_products_db.xlsx | normalized_products_db.xlsx | normalized_products_db_v2.xlsx | normalized_products_db_v2_cleaned_v3.xlsx,Product Library | Raw Records | Product Master | Raw Extract | Sheet1,204 | 264 | 160 | 239 | 169,1,1,1,1
Moen,moen,M-66610,M66610,"Powder room Faucet Brantford Collection 4"" Centerset",,Faucet,ea,,,,,https://www.fergusonhome.com/moen-66610/s296425?uid=1234366&searchId=0ydq3X01TC,,high,Product_Master_Enhanced.xlsx | Product_Master_Refined.xlsx | Product_Master_Warehouse.xlsx,Product Library | Raw Records | Product Master | Raw Extract | Product Occurrences,197 | 285 | 153 | 251 | 312,1,1,1,0
Moen,moen,M6802BN,M6802BN,Faucet & Drain Kit,Faucet & Drain Kit 209.3555,Faucet,ea,,,,,https://www.amazon.com/gp/product/B01H1SOC02/ref=ox_sc_act_title_1?smid=ATVPDKIKX0DER&th=1,,high,Product_Master_Enhanced.xlsx | Product_Master_Refined.xlsx | normalized_products_db.xlsx | normalized_products_db_v2.xlsx | normalized_products_db_v2_cleaned_v3.xlsx,Product Library | Raw Records | Product Master | Raw Extract | Sheet1,205 | 270 | 161 | 172,1,1,1,0
Moen,moen,M7260SRS,M7260SRS,Faucet,,Faucet,ea,,,,,https://www.fergusonhome.com/moen-7260/s1783606?uid=4244185,,high,Product_Master_Enhanced.xlsx | Product_Master_Refined.xlsx | Product_Master_Warehouse.xlsx | compiled_products_db.xlsx | normalized_products_db.xlsx | normalized_products_db_v2.xlsx | normalized_products_db_v2_cleaned_v3.xlsx,Product Library | Raw Records | Product Master | Raw Extract | Product Occurrences | Sheet1,206 | 36 | 162 | 254 | 24 | 45 | 44,1,1,1,0
Moen,moen,M9000,M9000,(2) Faucet Valves,(2) Faucet Valves 254.232,Faucet,ea,,,,,https://www.fergusonhome.com/moen-9000/s373576?uid=112916,,high,Product_Master_Enhanced.xlsx | Product_Master_Refined.xlsx | compiled_products_db.xlsx | normalized_products_db.xlsx | normalized_products_db_v2.xlsx | normalized_products_db_v2_cleaned_v3.xlsx,Product Library | Raw Records | Product Master | Raw Extract | Sheet1,207 | 236 | 163 | 216 | 151,1,1,1,0
Moen,moen,M9792,M9792,Bath Tub Rough In,Bath Tub Rough In 333.04699999999997,Tub,ea,,,,,https://www.fergusonhome.com/moen-9792/s763099?uid=1958615,,high,Product_Master_Enhanced.xlsx | Product_Master_Refined.xlsx | compiled_products_db.xlsx | normalized_products_db.xlsx | normalized_products_db_v2.xlsx | normalized_products_db_v2_cleaned_v3.xlsx,Product Library | Raw Records | Product Master | Raw Extract | Sheet1,208 | 238 | 164 | 218 | 153,1,1,1,0
Moen,moen,MA714ORB,MA714ORB,Shower Vacuum Breaker,Shower Vacuum Breaker 161.54600000000002,Shower,ea,,,,,https://www.fergusonhome.com/moen-a714/s412862?uid=1030219,,high,Product_Master_Enhanced.xlsx | Product_Master_Refined.xlsx | compiled_products_db.xlsx | normalized_products_db.xlsx | normalized_products_db_v2.xlsx | normalized_products_db_v2_cleaned_v3.xlsx,Product Library | Raw Records | Product Master | Raw Extract | Sheet1,209 | 232 | 165 | 212 | 149,1,1,1,0
Moen,moen,MDN2170BN,MDN2170BN,Curved Shower Rod,,Shower,ea,,,,,https://www.amazon.com/Moen-DN2170BN-DN2170-Tension-Curved/dp/B0BP3S294G?ref_=pb_hm_dp,,high,Product_Master_Enhanced.xlsx | Product_Master_Refined.xlsx,Product Library | Raw Records | Product Master | Raw Extract,210 | 273 | 166,1,1,1,0
Moen,moen,MR8718D3GCH,MR8718D3GCH,"Grab Bar 18"" Vertical Home Care",,Hardware,ea,,,,,https://www.fergusonhome.com/moen-r8718d3g/s661980?uid=1899242,,high,Product_Master_Enhanced.xlsx | Product_Master_Refined.xlsx | Product_Master_Warehouse.xlsx | compiled_products_db.xlsx | normalized_products_db.xlsx | normalized_products_db_v2.xlsx | normalized_products_db_v2_cleaned_v3.xlsx,Product Library | Raw Records | Product Master | Raw Extract | Product Occurrences | Sheet1,212 | 54 | 168 | 272 | 43 | 59 | 55,1,1,1,0
Moen,moen,MS122BN,MS122BN,Shower Arm,Shower Arm 96.382,Shower,ea,,,,,https://www.fergusonhome.com/moen-s122/s684052?uid=1757793,,high,Product_Master_Enhanced.xlsx | Product_Master_Refined.xlsx | compiled_products_db.xlsx | normalized_products_db.xlsx | normalized_products_db_v2.xlsx | normalized_products_db_v2_cleaned_v3.xlsx,Product Library | Raw Records | Product Master | Raw Extract | Sheet1,214 | 266 | 170 | 241 | 171,1,1,1,0
Moen,moen,MS6365EPORB,MS6365EPORB,Shower Head,Shower Head 338.569,Shower,ea,,,,,https://www.fergusonhome.com/moen-s6365ep/s763030?uid=1958815&searchId=5gAx2sQ1dd,,high,Product_Master_Enhanced.xlsx | Product_Master_Refined.xlsx | compiled_products_db.xlsx | normalized_products_db.xlsx | normalized_products_db_v2.xlsx | normalized_products_db_v2_cleaned_v3.xlsx,Product Library | Raw Records | Product Master | Raw Extract | Sheet1,215 | 227 | 171 | 207 | 145,1,1,1,0
Moen,moen,MT2181BN,MT2181BN,Shower Handle Trim,,Shower,ea,,,,,https://www.amazon.com/Moen-T2181BN-Dartmoor-Posi-Temp-Faucet/dp/B01M4QHPQS?ref_=pb_hm_dp&th=1,,high,Product_Master_Enhanced.xlsx | Product_Master_Refined.xlsx,Product Library | Raw Records | Product Master | Raw Extract,217 | 263 | 173,1,1,1,0
Moen,moen,MT2902NH,MT2902NH,Shower Trim - Chrome,,Shower,ea,,,chrome,Chrome,https://www.fergusonhome.com/moen-t2902nh/s1434096?uid=3372980,,high,Product_Master_Enhanced.xlsx | Product_Master_Refined.xlsx | Product_Master_Warehouse.xlsx | compiled_products_db.xlsx | normalized_products_db.xlsx | normalized_products_db_v2.xlsx | normalized_products_db_v2_cleaned_v3.xlsx,Product Library | Raw Records | Product Master | Raw Extract | Product Occurrences | Sheet1,218 | 99 | 174 | 274 | 168 | 98 | 86,1,1,1,1
Moen,moen,MT6905ORB,MT6905ORB,(2) Faucet & Drain Kit,(2) Faucet & Drain Kit 1029.358,Faucet,ea,,,,,https://www.fergusonhome.com/moen-t6905/s763153?uid=1958854,,high,Product_Master_Enhanced.xlsx | Product_Master_Refined.xlsx | compiled_products_db.xlsx | normalized_products_db.xlsx | normalized_products_db_v2.xlsx | normalized_products_db_v2_cleaned_v3.xlsx,Product Library | Raw Records | Product Master | Raw Extract | Sheet1,219 | 235 | 175 | 215 | 150,1,1,1,0
Moen,moen,R8718D3GCH,R8718D3GCH,"Grab Bar 18""",,Hardware,ea,,,,,https://www.fergusonhome.com/moen-r8718d3g/s661980?uid=1899242,,high,Product_Master_Enhanced.xlsx | Product_Master_Refined.xlsx | Product_Master_Warehouse.xlsx | compiled_products_db.xlsx | normalized_products_db.xlsx | normalized_products_db_v2.xlsx | normalized_products_db_v2_cleaned_v3.xlsx,Product Library | Raw Records | Product Master | Raw Extract | Product Occurrences | Sheet1,233 | 83 | 183 | 289 | 87 | 78 | 68,1,1,1,0
Moen,moen,S122BL,S122BL,Shower Arm & Flange,,Shower,ea,,,,,https://www.fergusonhome.com/moen-s122/s684052?uid=3854722,,high,Product_Master_Enhanced.xlsx | Product_Master_Refined.xlsx | Product_Master_Warehouse.xlsx | compiled_products_db.xlsx | normalized_products_db.xlsx | normalized_products_db_v2.xlsx | normalized_products_db_v2_cleaned_v3.xlsx,Product Library | Raw Records | Product Master | Raw Extract | Product Occurrences | Sheet1,236 | 109 | 186 | 292 | 187 | 107 | 89,1,1,1,0
Moen,moen,T2133,T2133,"Shower Head, Trim, & Tub Spout",,Shower,ea,,,,,https://www.fergusonhome.com/moen-t2133/s720647?uid=212053,,high,Product_Master_Enhanced.xlsx | Product_Master_Refined.xlsx | Product_Master_Warehouse.xlsx | compiled_products_db.xlsx | normalized_products_db.xlsx | normalized_products_db_v2.xlsx | normalized_products_db_v2_cleaned_v3.xlsx,Product Library | Raw Records | Product Master | Raw Extract | Product Occurrences | Sheet1,248 | 77 | 196 | 319 | 80 | 73 | 65,1,1,1,0
Moen,moen,T2181BN,T2181BN,Bathroom Plumbing Shower Handle Trim,Bathroom Plumbing Shower Handle Trim MT2181BN 1200 102.826675,Plumbing,ea,,,,,https://www.amazon.com/Moen-T2181BN-Dartmoor-Posi-Temp-Faucet/dp/B01M4QHPQS?ref_=pb_hm_dp&th=1,,high,compiled_products_db.xlsx | normalized_products_db.xlsx | normalized_products_db_v2.xlsx | normalized_products_db_v2_cleaned_v3.xlsx,Sheet1,238 | 168,1,1,1,0
Moen,moen,T2691BL,T2691BL,Shower Trim,,Shower,ea,,,,,https://www.fergusonhome.com/moen-t2691/s763148?uid=4642690,,high,Product_Master_Enhanced.xlsx | Product_Master_Refined.xlsx | Product_Master_Warehouse.xlsx | compiled_products_db.xlsx | normalized_products_db.xlsx | normalized_products_db_v2.xlsx | normalized_products_db_v2_cleaned_v3.xlsx,Product Library | Raw Records | Product Master | Raw Extract | Product Occurrences | Sheet1,249 | 111 | 198 | 320 | 189 | 109 | 90,1,1,1,0
Moen,moen,T2902NHBN,T2902NHBN,"Shower , Trim & Arm Gibson Shower Only Trim Package Shower Head","Shower , Trim & Arm Gibson Shower Only Trim Package Shower Head 100.13300000000001",Uncategorized,ea,,,,,https://www.fergusonhome.com/moen-t2902nh/s1434096?uid=3882442,,high,Product_Master_Catalog_v3.xlsx | Product_Master_Enhanced.xlsx | Product_Master_Refined.xlsx | compiled_products_db.xlsx | normalized_products_db.xlsx | normalized_products_db_v2.xlsx | normalized_products_db_v2_cleaned_v3.xlsx,Product Library | Raw Extract | Raw Records | Product Master | Sheet1,17 | 20 | 250 | 2 | 199 | 7 | 12,1,1,1,0
Moen,moen,T2903NHBN,T2903NHBN,Gibson Tub /Shower Trims,Gibson Tub /Shower Trims 1.0,Tub,ea,,,,,https://www.fergusonhome.com/moen-t2903nh/s1434099?uid=3882444,,high,Product_Master_Refined.xlsx | compiled_products_db.xlsx | normalized_products_db.xlsx | normalized_products_db_v2.xlsx | normalized_products_db_v2_cleaned_v3.xlsx,Product Master | Raw Extract | Sheet1,200 | 288 | 304 | 241,1,1,1,0
Moen,moen,T694ORB,T694ORB,Bath Tub Faucet with Handheld,Bath Tub Faucet with Handheld 1309.7040000000002,Faucet,ea,,,,,https://www.fergusonhome.com/moen-t694/s763076?uid=1958863,,high,Product_Master_Enhanced.xlsx | Product_Master_Refined.xlsx | compiled_products_db.xlsx | normalized_products_db.xlsx | normalized_products_db_v2.xlsx | normalized_products_db_v2_cleaned_v3.xlsx,Product Library | Raw Records | Product Master | Raw Extract | Sheet1,251 | 237 | 201 | 217 | 152,1,1,1,0
Moen,moen,TV6905BL,TV6905BL,"Faucet 8""",,Faucet,ea,,,,,https://shop.moen.com/products/tv6905?variant=52521614836022,,high,Product_Master_Enhanced.xlsx | Product_Master_Refined.xlsx | Product_Master_Warehouse.xlsx | compiled_products_db.xlsx | normalized_products_db.xlsx | normalized_products_db_v2.xlsx | normalized_products_db_v2_cleaned_v3.xlsx,Product Library | Raw Records | Product Master | Raw Extract | Product Occurrences | Sheet1,253 | 120 | 203 | 329 | 198 | 117 | 93,1,1,0,0
Moen,moen,U232CIS,U232CIS,Shower Valve,Bathroom Plumbing Shower Valve 200.91500000000002,Shower,ea,,,,,https://www.fergusonhome.com/moen-u232cis/s1736897?uid=4123792,,high,Product_Master_Enhanced.xlsx | Product_Master_Refined.xlsx | compiled_products_db.xlsx | normalized_products_db.xlsx | normalized_products_db_v2.xlsx | normalized_products_db_v2_cleaned_v3.xlsx,Product Library | Raw Records | Product Master | Raw Extract | Sheet1,255 | 226 | 204 | 206 | 144,1,1,1,0
Moen,moen,UT36111ORB,UT36111ORB,Shower Double Handle Trim,Shower Double Handle Trim 404.745,Shower,ea,,,,,https://www.fergusonhome.com/moen-ut3611/s1740482?uid=4114270,,high,Product_Master_Enhanced.xlsx | Product_Master_Refined.xlsx | compiled_products_db.xlsx | normalized_products_db.xlsx | normalized_products_db_v2.xlsx | normalized_products_db_v2_cleaned_v3.xlsx,Product Library | Raw Records | Product Master | Raw Extract | Sheet1,260 | 225 | 208 | 205 | 143,1,1,1,0
Moen,moen,X01TC,X01TC,"Powder room Faucet Brantford Collection 4"" Centerset","Powder room Faucet Brantford Collection 4"" Centerset M-66610 131.274 Ferguson 131.27",,ea,,,,,https://www.fergusonhome.com/moen-66610/s296425?uid=1234366&searchId=0ydq3X01TC,,high,compiled_products_db.xlsx,Sheet1,255,1,1,0,0
Moen,moen,YB5103ORB,YB5103ORB,Voss Robe Hooks -2,Voss Robe Hooks -2 96.95400000000001 1.0 Left on office,,ea,,,,,https://www.fergusonhome.com/moen-yb5103/s763078?uid=1958880,,high,Product_Master_Enhanced.xlsx | Product_Master_Refined.xlsx | compiled_products_db.xlsx | normalized_products_db.xlsx | normalized_products_db_v2.xlsx | normalized_products_db_v2_cleaned_v3.xlsx,Product Library | Raw Records | Product Master | Raw Extract | Sheet1,267 | 251 | 215 | 228 | 160,1,1,1,0
Moen,moen,YB5108ORB,YB5108ORB,Voss Toilet Paper Holder,Voss Toilet Paper Holder 57.079 1.0,Toilet,ea,,,,,https://www.fergusonhome.com/moen-yb5108/s763156?uid=1958883,,high,Product_Master_Enhanced.xlsx | Product_Master_Refined.xlsx | compiled_products_db.xlsx | normalized_products_db.xlsx | normalized_products_db_v2.xlsx | normalized_products_db_v2_cleaned_v3.xlsx,Product Library | Raw Records | Product Master | Raw Extract | Sheet1,268 | 253 | 216 | 230 | 162,1,1,1,0
Moen,moen,YB5124ORB,YB5124ORB,"Voss 24"" Towel Bar 2","Voss 24"" Towel Bar 2 145.948 1.0 Noted Judy Picked up",Hardware,ea,,,,,https://www.fergusonhome.com/moen-yb5124/s763111?uid=1958889,,high,Product_Master_Enhanced.xlsx | Product_Master_Refined.xlsx | compiled_products_db.xlsx | normalized_products_db.xlsx | normalized_products_db_v2.xlsx | normalized_products_db_v2_cleaned_v3.xlsx,Product Library | Raw Records | Product Master | Raw Extract | Sheet1,269 | 250 | 217 | 227 | 159,1,1,1,0
Moen,moen,YB5186ORB,YB5186ORB,Voss Towel Ring -2,Voss Towel Ring -2 95.7 1.0 Counter,,ea,,,,,https://www.fergusonhome.com/moen-yb5186/s763112?uid=1958895,,high,Product_Master_Enhanced.xlsx | Product_Master_Refined.xlsx | compiled_products_db.xlsx | normalized_products_db.xlsx | normalized_products_db_v2.xlsx | normalized_products_db_v2_cleaned_v3.xlsx,Product Library | Raw Records | Product Master | Raw Extract | Sheet1,270 | 252 | 218 | 229 | 161,1,1,1,0
Moen,moen,YG0418BN,YG0418BN,"Grab Bar 18"" Vertical","Grab Bar 18"" Vertical 144.19",Uncategorized,ea,,,,,https://www.fergusonhome.com/moen-yg0418/s1084794?uid=2709208,,high,Product_Master_Catalog_v3.xlsx | Product_Master_Enhanced.xlsx | Product_Master_Refined.xlsx | compiled_products_db.xlsx | normalized_products_db.xlsx | normalized_products_db_v2.xlsx | normalized_products_db_v2_cleaned_v3.xlsx,Product Library | Raw Extract | Raw Records | Product Master | Sheet1,18 | 35 | 271 | 14 | 219 | 19 | 20,1,1,1,0
Moen,moen,YG0436BN,YG0436BN,"Grab Bar 36"" Hortizal","Grab Bar 36"" Hortizal 188.88100000000003",Uncategorized,ea,,,,,https://www.fergusonhome.com/moen-yg0436/s1084795?uid=2709209,,high,Product_Master_Catalog_v3.xlsx | Product_Master_Enhanced.xlsx | Product_Master_Refined.xlsx | compiled_products_db.xlsx | normalized_products_db.xlsx | normalized_products_db_v2.xlsx | normalized_products_db_v2_cleaned_v3.xlsx,Product Library | Raw Extract | Raw Records | Product Master | Sheet1,19 | 36 | 272 | 15 | 220 | 20 | 21,1,1,1,0
MSI,msi,NVENEWHI1224,NVENEWHI1224,Shower Wall Tile 93 sq ft Veneto White Matte 12x24,,Tile,sqft,,,,,https://www.msisurfaces.com/site-search/?key=Veneto%20White,,high,Product_Master_Refined.xlsx,Product Master | Raw Extract,177 | 116,1,1,0,0
Panasonic,panasonic,BLMC2432,BLMC2432,100 CFM Sone Ceiling Mounted HVI Certified Exhaust Fan,100 CFM 0.9 Sone Ceiling Mounted HVI Certified Exhaust Fan Service Plus 92 Model #,Electrical,ea,,,,,https://www.fergusonhome.com/panasonic-fv-0510vs1/s1286588?uid=3162516,,high,normalized_products_db.xlsx | normalized_products_db_v2.xlsx | normalized_products_db_v2_cleaned_v3.xlsx,Sheet1,9,1,1,1,0
Panasonic,panasonic,C1466,C1466,Exhaust Fan FV-0510VSL1 Service Plus per Lo,Exhaust Fan FV-0510VSL1 Service Plus per Lou,Electrical,ea,,,,,https://www.fergusonhome.com/panasonic-fv-0510vsl1/s1367152?uid=32174+C1466,,high,compiled_products_db.xlsx | normalized_products_db.xlsx | normalized_products_db_v2.xlsx | normalized_products_db_v2_cleaned_v3.xlsx,Sheet1,85 | 74 | 570,1,1,1,0
Panasonic,panasonic,FV-0510VS1,FV0510VS1,100 CFM Sone Ceiling Mounted HVI Certified Exhaust Fan,Exhaust Fan,Uncategorized,ea,,,,,https://www.fergusonhome.com/panasonic-fv-0510vs1/s1286588?uid=3162516,,high,Product_Master_Catalog_v3.xlsx | Product_Master_Enhanced.xlsx | Product_Master_Refined.xlsx | Product_Master_Warehouse.xlsx,Product Library | Raw Extract | Raw Records | Product Master | Product Occurrences,9 | 44 | 102 | 103 | 104 | 21 | 58 | 106 | 146 | 221 | 282 | 76 | 5 | 47 | 176 | 244 | 309,1,1,1,0
Panasonic,panasonic,FV-0510VSL1,FV0510VSL1,(1) Bath Exhusted Fan w/Light,Exhaust Fan,Exhaust Fan,ea,,,,,https://www.fergusonhome.com/panasonic-fv-0510vsl1/s1367152?uid=3217466,,high,Product_Master_Enhanced.xlsx | Product_Master_Refined.xlsx | Product_Master_Warehouse.xlsx,Product Library | Raw Records | Product Master | Raw Extract | Product Occurrences,105 | 106 | 107 | 108 | 91 | 97 | 124 | 222 | 274 | 77 | 78 | 14 | 102 | 163 | 203,1,1,1,0
Panasonic,panasonic,FV-0511VKS3S,FV0511VKS3S,Exhaust Fan,,Master Bathroom Electrical,ea,,,,,,,high,,John Daye 39938-CJC,20,1,1,1,0
Panasonic,panasonic,FV-0511VKSL3,FV0511VKSL3,Water Closet Exhaust Fan w/light,,Master Bathroom Electrical,ea,,,,,,,high,,John Daye 39938-CJC,21 | 57,1,1,1,0
Panasonic,panasonic,LMC2432,LMC2432,100 CFM Sone Ceiling Mounted HVI Certified Exhaust Fan,100 CFM 0.9 Sone Ceiling Mounted HVI Certified Exhaust Fan Service Plus 92 Model # BLMC2432,,ea,,,,,https://www.fergusonhome.com/panasonic-fv-0510vs1/s1286588?uid=3162516,,high,compiled_products_db.xlsx,Sheet1,4,1,1,0,0
Ruvati,ruvati,RVH8350,RVH8350,Kitchen Kitchen Sink 600 Final,Kitchen Kitchen Sink 600 603.9000000000001 Final,Plumbing,ea,,,,,,,high,normalized_products_db.xlsx | normalized_products_db_v2.xlsx | normalized_products_db_v2_cleaned_v3.xlsx,Sheet1,28,1,1,1,0
Ruvati,ruvati,RVM4350,RVM4350,Sink 500,Sink 500 319.03299999999996 307.197,Plumbing,ea,,,,,https://www.fergusonhome.com/ruvati-rvm4350/s1437586?uid=3385574,,high,compiled_products_db.xlsx | normalized_products_db.xlsx | normalized_products_db_v2.xlsx | normalized_products_db_v2_cleaned_v3.xlsx,Sheet1,123 | 97,1,1,1,0
Schluter,schluter,A100ABGB,A100ABGB,Schulter Edging 32 Linear Ft = 9 pieces,,,lnft,,,,,https://www.schluter.com/schluter-us/en_US/Profiles/For-Floors/Same-height-Transitions/Schluter%C2%AE-SCHIENE/p/A100ABGB?siteName=schluter.com&siteUid=schluter-us,,high,Product_Master_Enhanced.xlsx,Product Library | Raw Records,68 | 245,1,1,0,0
Schluter,schluter,A100TSC,A100TSC,edge is texture beige 10' (4) or (6) 8',,,ea,,,,,https://www.schluter.com/schluter-us/en_US/Profiles/For-Floors/Same-height-Transitions/Schluter%C2%AE-SCHIENE/p/A100TSC?siteUid=schluter-us&siteName=schluter.com,,high,Product_Master_Enhanced.xlsx | Product_Master_Warehouse.xlsx,Product Library | Raw Records | Product Master | Product Occurrences,69 | 164 | 124 | 262,1,1,0,0
Sentrel Products,sentrel products,CUBBY17X17,CUBBY17X17,Cubby 17x17,,Hall Bath Sentrel,ea,,,,,,,high,,John Daye 39938-CJC,61,1,1,1,0
Sentrel Products,sentrel products,CUBBY17X26,CUBBY17X26,Cubby 17x26,,Master Bathroom Shower Wall System,ea,,,,,,,high,,John Daye 39938-CJC,33,1,1,1,0
Toto,toto,MS776124CSFG,MS776124CSFG,Toliets (3) Toilets - 3 /Seat Included $ 3 PC,Toliets (3) Toilets - 3 /Seat Included $477.99 3 PC #01 1350 1481.8 1420.683,Plumbing,ea,,,,,https://www.fergusonhome.com/toto-ms776124csfg/s1797886?uid=4250648,,high,normalized_products_db.xlsx | normalized_products_db_v2.xlsx | normalized_products_db_v2_cleaned_v3.xlsx,Sheet1,102,1,1,1,0
